id,comment,label
1,Aray bakwaas baatein mat kar lol,H
2,Mashallah shukriya share karne ke liye bhai,O
3,ARAY KYA FALTU! INSAN HY BRO,H
4,tum :) smajhta kyaa haii apne aap ko lol,H
5,good luck for neext project bro,O
6,Mashallah tera accent!! ajeeb hey bhai,H
7,Bhai very helpful :) :) bro,O
8,Haye awesome creativity :),O
9,Haye very clean editing ok,O
10,very clean editing :),O
11,Aray appreciate your effort :),O
12,Mashallah faltu vidio banai!!! hai bro,H
13,YAAR TUMHARA KONTENT INSPIRE KARTA HAI :),O
14,Mashallah gud information di bro,O
15,Haye tume jaise log!! hamesha problem banate hain :),H
16,BHAI TUMHARA REPLY ACHA LAGA YAAR,O
17,Aray gr8! energy bro bhai,O
18,cool!!! video :),O
19,tujhe sharam nahi aati :),H
20,Haye etra content bakwas hai yaar,H
21,Bhai cool video bhai ok,O
22,Yaar wow!!! kya baat hai bro,O
23,Bhai keep! posting bro,O
24,Aray kyaa faltu insan hai bhai,H
25,Haye clear aur easy steps bhai,O
26,ARAY SIMLPE AUR SAMAJHNE LAYAK VIDIYO BHAI,O
27,Haye kuch seekh le pehle yaar,H
28,Aray tu toh pure time waste hai,H
29,Aray excellent work bro bhai,O
30,Mashallah tum samjhta kya hey apne aap ko,H
31,Mashallah nice explanation yaar!!! bhai,O
32,Bhai faltu time waste bro,H
33,Bhai faltu content upload karte rehta haii yaar,H
34,Aray good!!! initiative yaar,O
35,Mashallah faltu kontent :) upload karte rehta haii yaar,H
36,Yaar badtameez aadmi bro,H
37,Haye aise kaam se kuch nahi hota bro,H
38,Mashallah jhoot bolta hey tu :) bhai,H
39,Haye faltu content upload! karte!! rehta hai yaar lol,H
40,pagal sa behaviour dikha :P raha hey yaar,H
41,Haye best! one on this topic bro,O
42,Aray tumhara style alag hai bro,O
43,Aray tum jaise log hamesha problem banate hain bro,H
44,kamal ka effort haii bro,O
45,Aray maza aagaya dekh kar :),O
46,VERI HELPFUL BHAI,O
47,mashallah nais work bro,O
48,Yaar dimagh kharab kar dia :P :),H
49,clear aur easy steps,O
50,Mashallah aise kaam se kuch nahi hota :P bro,H
51,Yaar tu samjhta keaa hai apne aap ko nice,H
52,Haye aise kaam se kuch nai!! hota bhai,H
53,Bhai itna irritating! content yaar bro,H
54,MASHALLAH TERA CONTENT! BAKWAS HY :),H
55,Yaar zyada :) smart mat!! ban bro,H
56,tumhara kontent :) unique hai,O
57,BHAI AWESOME :) CREATIVITY,O
58,Haye jhoot bolta haii tu,H
59,proud of you bro yaar nice,O
60,Bhai cool video :),O
61,Yaar tere!! ajise log sab bigad dete hain bhai,H
62,tu!!! pagal!! hy kya,H
63,mujhe ye video pasand aaya :) bro,O
64,Aray badtameez aadmi yaar,H
65,Mashallah badtameez aadmi bhai,H
66,yaar tum talented ho,O
67,Yaar dil khush kar diya yaar,O
68,Mashallah tum!! samjhta kia hey apne aap ko bro,H
69,Bhai tera! content bakwas haii yaar,H
70,Haye tera accent ajeeb hy :P yaar,H
71,Haye nice message diya bro,O
72,nice presentation :),O
73,Mashallah koi sense nhi hai vidio mein bhai ok,H
74,Bhai nalayak :P banda bro haha,H
75,Bhai keep it up :) ok,O
76,Aray best one :P on this topic bhai,O
77,Yaar bakwas :) vidiyo yaar,H
78,tujhe sharam nhi aati bhai,H
79,BAKWAS DEITING BHAI,H
80,kuch bhi bol deta hai! tuu :),H
81,Bhai mujhe ye vidio pasand aaya bhai nice,O
82,keep posting :) bhai haha,O
83,BHAI ITNA OVERACTING KYU KARTA HAI YAAR,H
84,Bhai veri clean editing :),O
85,Mashallah dimagh ka pressure badha :) diya video ne :),H
86,YAAR KAMAL!!! KA EFFORT HAII BRO,O
87,Aray acha laga dekh kar :) bro,O
88,BHAI BOHT ACCHA CONTENT HAII nice,O
89,Aray maza :) aagaya dekh! kar :) ok,O
90,Haye very helpful,O
91,Haye helpful for beginners,O
92,Mashallah gussa aa gaya video dehk kar bhai,H
93,Yaar nice explanation yaar yaar,O
94,Bhai achaa laga dekh kar :),O
95,Bhai nice explanation yaar bhai,O
96,great energy bro bro,O
97,Haye keep posting :),O
98,Haye ye sab jhoot!! hai,H
99,ARAY KEEP!!! IT UP YAAR,O
100,Mashallah tu kitna ghatiya insan hy bhai,H
101,Yaar ye sab anfrat failata hy,H
102,Bhai jhoot bolta hai tuu yaar,H
103,nais explanation yaar :),O
104,Mashallah dimagh kharab kar dia,H
105,Aray nalayak banda bhai,H
106,ye sab jhoot haii,H
107,KUCH BHI BOL DETA HAI TU :),H
108,Haye mujhe ye video pasand aaya bhai,O
109,Mashallah tujhe sharam nhi!! aati,H
110,best :) one on this topic bro,O
111,Aray proud of you bro bhai,O
112,Haye bohat mehnat ki hai yaar,O
113,Haye itna overacting!! kyu karta hai yaar,H
114,Yaar good luck for next project bhai,O
115,Yaar tu pagal hai kia bhai,H
116,Aray itna overacting kyu! akrta haii bro,H
117,Yaar koi sense nahi!!! hey video mein yaar,H
118,Mashallah tu sirf views ke liye kar raha :P hey bhai,H
119,Mashallah tumhara sense of humor best hy bro bro,O
120,nice try bhai,O
121,awesome!!! creativity bro,O
122,Yaar bakwas vidiyo :),H
123,bohat informative :) vidio hai!! :),O
124,Aray bhai!! tu kuch nahi jaanta!! yaar lol,H
125,Haye awesome creativity,O
126,tere comments :) irritate karte hain bhai,H
127,Aray great job :P bro :),O
128,Bhai appreciate yoooour effort,O
129,Aray keaa :) faltu insan!!! hai yaar nice,H
130,Aray itna irritating kontent,H
131,Mashallah mujhe!!! ye video pasand aaya bhai,O
132,Mashallah itna irritating content bhai,H
133,Bhai informative kontent,O
134,Aray ye!!! sab nafrat failata hai :) bro,H
135,Haye perfect explanation bhai,O
136,Haye cool video bhai,O
137,Aray mujhe ye video pasand aaya!!! yaar,O
138,Mashallah best :) one on this topic :),O
139,Yaar ye sab :) faltu conteeent hai,H
140,Mashallah very clean :) editing!!,O
141,POSITIVE VIBES ONLY BRO bro,O
142,BHAI KEEP POSTING! YAAR,O
143,Mashallah entertaining vidiyo,O
144,Aray perfect explanation,O
145,Bhai simple!!! aur samajhne layak video :),O
146,Bhai itna overacting kyu karta hai yaar,H
147,Mashallah great job bro :) bhai,O
148,Haye nice try :),O
149,Haye zyada smart mat ban yaar,H
150,Yaar proud of you bro bhai haha,O
151,tumhara! sense of humor best hai bro,O
152,Haye sahi kaha tumne bhai,O
153,Haye tumhara reply acha laga,O
154,Haye tere jaise log sab bigad dete hain,H
155,Haye good information di bhai,O
156,tumhara content unique hy :),O
157,Mashallah nalayak banda! yaar,H
158,Haye bakwas video :),H
159,Mashallah tuu samjhta keaa hai apne aap ko :),H
160,Mashallah awesome creativity bhai,O
161,Yaar kamal :P ka effort hai bhai,O
162,Haye itna overacting kyu karta!! hai bro,H
163,Yaar keep it :) up,O
164,Bhai tumhara!!! reply achaah laga :P yaar haha,O
165,Bhai ajeeb bekaar banda hey,H
166,Yaar ajeeb bekaar! banda hai ok,H
167,Yaar ganday jokes mat maaaar bro,H
168,gussa aa gaya vidiyo dekh kar bhai,H
169,Haye well!!! explained bhai,O
170,AISE KAAM SE KUCH NHI HOTA :),H
171,Mashallah tumhara :) reply acha laga ok,O
172,Yaar wow :) kya baat hai :) bro,O
173,YAAR DIMAGH KHARAB KAR DIA BRO,H
174,Bhai awesome creativity bro,O
175,yaar tu bohut funny hai yaar,O
176,tumhara reply accha laga,O
177,Yaar boht useful tips di :) bhai,O
178,great job bro,O
179,good! initiative bro,O
180,Bhai tere jaise log sab :) ibgad deete hain bro,H
181,clear aur easy steps!! bhai,O
182,Yaar faltu time waste,H
183,BHAI COOL VIDIO!!! :),O
184,Aray itna irritating content :P bhai,H
185,Haye positive vibes only bhai nice,O
186,BHAI TUM TOH! DRAAMA QUEEN NIKLA,H
187,Haye keep it up :) haha,O
188,Aray clear aur easy! steps! bro,O
189,bakwaas baatein mat kar yaar,H
190,MASHALLAH KEEP POSTING :),O
191,Bhai ajeeb bekaar banda haii bhai,H
192,Aray ganday jokes mat maar :),H
193,Aray nice message :) diya bro,O
194,Bhai nice tutorial :),O
195,gud information di bhai,O
196,respect for youuuur hard work yaar,O
197,Yaar kuch seekh le! pehle,H
198,tum jaise log hamesha problem banate! hain bhai bro,H
199,Yaar kamal ka effort haii bro,O
200,BHAI NALAYAK BANDA!! YAAR,H
201,Mashallah boht! useful tips di :),O
202,Haye diiil! khush kar diya :),O
203,Mashallah faltu!! content upload karte rehta!! hai bhai,H
204,BHAI TUU TOH DRAMA QUEEN NIKLA YAAR,H
205,Bhai koi sense nhi hai!!! vidiyo mein bhai,H
206,Mashallah very helpful :),O
207,Mashallah shukriya share :P karne ke liye bhai,O
208,Yaar kamal ka effort hai,O
209,Bhai ganday jokes!! mat maar bhai,H
210,Yaar boht acha content hai bhai,O
211,Yaar zyada smart mat ban yaar,H
212,ARAY ETNERTAINING VIDIO nice,O
213,Yaar mujhe ye video pasand aaya yaar,O
214,Bhai informative kontent bhai,O
215,HAYE TUMHARA ATTITUDE PASAND NAHI AAYA BRO,H
216,Aray kuch bhi bol deta :) hai tum :),H
217,helpful for beginners :),O
218,Bhai ganday jokes :) mat maar! bhai,H
219,wow kya baat hey :),O
220,Aray ganday jokes mat maar,H
221,great enregy bro yaar,O
222,Aray bohat mehnat! ki hai :),O
223,Yaar nice try bhai lol,O
224,Bhai ghatiya quality,H
225,badtameez aadmi bro,H
226,Yaar entertaining vidiyo :),O
227,Haye excellent work bro bro,O
228,MASHALLAH FALTU VIDEO :) BANAI HEY BRO,H
229,Aray faltu time waste yaar,H
230,ye sab nafrat!! failata :) haii yaar,H
231,Haye samajh!! nhi aata keaa kar raha :) hai yaar,H
232,Bhai zabardast editing bhai,O
233,Bhai good initiative!!! bro,O
234,Aray faltu harkatein band kar nice,H
235,Haye ajeeb bekaar banda hy yaar nice,H
236,Bhai awaaz irritate karti hai bro,H
237,Mashallah sahi!!! kaha tumne,O
238,boht acha!!! kontent hy yaar,O
239,Yaar nalayak banda,H
240,Mashallah koi sense nahi hey video mein :P,H
241,proud of :P you bro yaar bro,O
242,faltu time waste bro,H
243,Mashallah kuch!! bhi bol deta hai tuu :) haha,H
244,Haye koi sense nahi haii video mein! bhai,H
245,Aray tum toh drama :) queen nikla :) yaar,H
246,Aray tu toh upre time :P waste hai bhai,H
247,Aray tumhara content unique hai bhai,O
248,itna irritating :P content yaar,H
249,Mashallah entertaining video :),O
250,tera!! content!!! bakwas hai :),H
251,awesome cretaivity!!! yaar,O
252,Aray pagal insaan :),H
253,wow :) kya baat haii bhai,O
254,Bhai tumhara style alag hai yaar,O
255,Bhai faltu video banai hai :),H
256,Mashallah tumhara :P content inspire karta :) hai bro,O
257,simple aur samajhne layak vidiyo :),O
258,Aray bilkul useless vidiyo :),H
259,Aray niceee tutorial :),O
260,Mashallah tu toh drama queen nikla yaar,H
261,Mashallah appreciate yooour effort bhai bro,O
262,Haye tum jaise logon ki wajah se :P internet kharab hey bro,H
263,Haye tumhara kontent unique hai,O
264,boht acha content hy,O
265,faltu time waste :),H
266,Yaar good initiative bro,O
267,Yaar ghatiya! quality,H
268,boht!!! useful tips di bhai,O
269,BHAI NALAYAK! BANDA,H
270,Yaar good information :P di bro,O
271,tu :) samjhta! kya hai apne aap ko yaar,H
272,Yaar appreciate your effort bro,O
273,Aray keep!! posting :) bhai,O
274,Mashallah ye sab nafrat failata hai,H
275,Aray mujhe ye video pasand aaya :),O
276,Haye good initiiiiative :),O
277,Bhai dimagh ka dahi kar diya :) bro,H
278,YAAR BHAI TU KUCH NHI JAANTA BHAI,H
279,Bhai tumhara style alag hai bro,O
280,HAYE TUM :) JAISE LOG HAMESHA PROBLEM BANATE HAIN,H
281,Yaar good luck! for :) next project yaar,O
282,Haye pagal sa behaivour dikha raha hy bhai,H
283,Mashallah zyada smart mat ban :) yaar,H
284,Aray nais! try yaar,O
285,Yaar ye sab :) faltu content hai bro,H
286,Haye dimagh ka dahi kar diya :),H
287,Aray badtameez! aadmi bro,H
288,Mashallah gussa :P aa :) gaya vidiyo!! dekh kar bro bro,H
289,BHAI TUM JAISE LOGON KI WAJAH SE INTERNET KHARAB HAI YAAR,H
290,pagal :) insaan yaar,H
291,Yaar wow kya baat haii :),O
292,Aray ljaawab :) explanation bro ok,O
293,YAAR LAJAWAB EXPLANATION BHAI,O
294,tuu pagal hai keaa,H
295,Aray dimagh ka dahi kar diya :) bro,H
296,Haye pagal insaan yaar,H
297,Mashallah nalayak banda yaar,H
298,Yaar tera accent ajeeb hai bro,H
299,Bhai badtameez aadmi bro,H
300,Mashallah gussa aa gaya video dekh kar :) bhai,H
301,Bhai itna overacting kyu karta haii :),H
302,Aray shukriya share :) karne ke liye,O
303,Bhai nais try bhai,O
304,zabardast editing!! bhai,O
305,Haye wow keaa baat!! hey bhai,O
306,Bhai positive vibes only,O
307,Haye tum pagal hai :P keaa :),H
308,Bhai aise kaam se kuch!!! nahi :P hota bhai haha,H
309,Haye appreciate your effort,O
310,Bhai faltu kontent upload karte rehta hy,H
311,Mashallah aise!!! kama se kuch nahi hota bro,H
312,Haye good luck for next project yaar,O
313,aise kaam se :P kuch nai hota bro,H
314,Yaar faltu time waste bro bro,H
315,Haye tu toh drama queen nikla bhai,H
316,Bhai bohat informative :) video hey,O
317,bakwas editing yaar,H
318,Mashallah jhoot bolta haii tu,H
319,Mashallah zabardast editing :),O
320,Aray faltu time waste haha,H
321,Mashallah tumh jaise log hamesha problem banate :P hain bro,H
322,Aray bakwas editing bro,H
323,Bhai bakwaas baatein mat kar bro,H
324,Bhai ghatiya quality,H
325,dimagh kharab kar dia bhai,H
326,Aray tumhara sense!!! of humor best hey :),O
327,Bhai tu toh pure time waste hy bro,H
328,Haye boht useful!! tips di yaar,O
329,Haye tum toh pure time waste haii bhai,H
330,naiis presentation yaar,O
331,Mashallah koi sense nahi hai!! video mein!!! bro,H
332,Aray yaar :) tuu bohut funny! hai :) :),O
333,Aray mujhe ye video pasand :P aaya bhai,O
334,boht useful tips di!! bro,O
335,Yaar bilkul useless video,H
336,Yaar boht accha kontent hy bhai,O
337,Haye good initiative,O
338,Bhai bilkul useless vidio :),H
339,Bhai ye sab nafrat failata hey bro lol,H
340,Bhai yaar tum talented ho yaar,O
341,Bhai tera kontent :P bakwas hai bro,H
342,Haye maza aagaya dekh kar bhai,O
343,Yaar well done :),O
344,Mashallah tera :) kontent bakwas hy!!! bhai,H
345,MASHALLAH JHOOT BOLTA HAI TU BHAI,H
346,Yaar cool video bro,O
347,Bhai kamal ka effort :) hy :),O
348,Yaar yaar tum talented ho yaar,O
349,Yaar informative :) kontent bhai ok,O
350,ye sab jhoot :) hai bhai,H
351,Mashallah ajeeb bekaar banda! hy,H
352,Haye ajeeb bekaar banda haii bro,H
353,YAAR PROUD OF YOU BRO :) bro,O
354,Mashallah great job bro yaar,O
355,Haye shukriya share karne :) ke :P liye,O
356,MASHALLAH YE SAB JHOOT HEY :),H
357,Mashallah ye sab faltu content haii bro,H
358,tu samjhta :P kya hai!! apne aap ko yaar haha,H
359,Haye tumhara content unique hai,O
360,nalyaak banda :),H
361,tumhaar reply acha laga bhai,O
362,Mashallah bohat mehnat ki hai bhai,O
363,tumhara :) attitude pasand nahi aaya bhai,H
364,WLEL EXPLAINED YAAR,O
365,Haye ye sab faltu content hai :),H
366,Yaar maza aagaya :) dekh kar!!! yaar,O
367,Mashallah sahi!!! kaha tumne yaar,O
368,Aray bhai! tu kuch nhi jaanta haha,H
369,Bhai simple aur samajhne laayk vidiyo bhai,O
370,Yaar shukriiya share karne ke liye yaar bro,O
371,YAAR NALAYAK!! BANDA BRO,H
372,Haye tumhara reply achaah :P laga!! yaar,O
373,tuu!! toh pure time waste hai :),H
374,mujhe ye video pasand aaya bro lol,O
375,BHAI KEEP POSTING BHAI,O
376,Bhai best one on this topic :),O
377,good luck for next projetc yaar,O
378,Yaar tumhara attitude pasand nhai aaya yaar,H
379,MASHALLAH KEEP IT!! UP YAAR,O
380,Aray lajawab explanation :) yaar,O
381,Mashallah itna overacting kyu karta hai yaar,H
382,Haye keep it up!! :),O
383,Aray good initiative bro,O
384,Yaar zyada smart mat ban :),H
385,Bhai tuu toh pure time waste hai bro,H
386,ARAY TERE COMMENTS IRRITATE KARTE HAIN BHAI,H
387,anlayak banda bhai,H
388,Yaar respect :) for your hard work lol,O
389,bohat mehnat ki hai yaar,O
390,ye kya bakwas logic hai yaar,H
391,Bhai ye sab :P jhoot hai :),H
392,tumhara sense of humor best hai :),O
393,Haye keaa faltu insan!!! hai,H
394,mujheee ye video pasand aaya bro,O
395,Bhai tumhara :P reply acha laga bhai,O
396,Bhai bakwas video bro,H
397,Aray appreciate your fefort yaar,O
398,Yaar dil! khush kar diya,O
399,Aray zyada smart mat ban bro,H
400,Haye clear aur easy steps bhai,O
401,Mashallah naiis msesage diya bhai,O
402,Mashallah mujhe yee vidio :) pasand aaya :) bro,O
403,BHAI TUMHARA SENSE OF :) HUMOR BEST HEY YAAR,O
404,Haye samajh :) nahi aaat kya kar raha hai,H
405,Yaar tum jaise log hamesha :) problem banate hain bro,H
406,Mashallah tujhe sharam nhi aati bro,H
407,lajawab explanation :),O
408,Yaar tere comments :) irritate karte hain yaar,H
409,Bhai dimagh kharab kar dia :),H
410,pagal sa behaviour dikha raha hai :),H
411,Haye dimagh ka dahi kar diya :),H
412,tumhara! attitude pasand nahi aaya bhai,H
413,gussa aa gaya video dekh kar :),H
414,Aray keep posting yaar,O
415,Bhai cool video yaar,O
416,Aray cool vidiyo,O
417,BADTAMEEZ AADMI BRO,H
418,Mashallah dimagh ka pressure badha diya video ne,H
419,respect foor your hard work bro,O
420,Aray best one on this topic yaar,O
421,Aray entertaining vidio bhai,O
422,Mashallah mujhe ye video pasand aaya bhai,O
423,Aray excellent work bro yaar,O
424,tera accent :P ajeeb haii bhai,H
425,Bhai aise kaaaam se kuch nahi hota bhai,H
426,GREAT JOB BRO :) YAAR,O
427,Mashallah dimagh kharab kar dia bhai,H
428,fatlu time waste :),H
429,Yaar tum jaise logon ki wajah se internet kharab hai bro,H
430,dimagh ka dahi kar :P diya bro,H
431,helpful for beginners bro,O
432,good initiative bhai,O
433,Aray respect fooor :P your hard work :P yaar,O
434,Yaar boht achaah content hai,O
435,Aray dil khush kar diya bro,O
436,Aray tu pagal hai kia :P,H
437,Aray helpful for beginners :) :),O
438,zabardast editing bhai,O
439,Haye ye sab jhoot hy :),H
440,very clean editing bro,O
441,Aray tumhara content unique hey :),O
442,Aray bilkul useless video :),H
443,Mashallah proud of you bro,O
444,Yaar gussa aa! gaya vidiyo dekh kar yaar,H
445,Haye tere comments :) irritate karte hain bhai,H
446,Haye gussa aa gaya video dekh kar ok,H
447,Yaar kuch!! seekh le pehle yaar,H
448,Bhai good information di bhai,O
449,Mashallah tu toh!!! pure time watse hai yaar,H
450,faltu!!! harkatein band kar yaar,H
451,Yaar very clean editing bhai,O
452,Bhai gussa aa gyaa video dekh kar bro nice,H
453,Aray tumhara sense of :) humor best hai,O
454,Bhai kuch bhi bol deta hai tum :) ok,H
455,Bhai tere jaise log sab bigad dete hain :) haha,H
456,PAGAL SA BEHAVIOUR DIKHA RAHA HAI YAAR,H
457,Aray helpful for!!! beginners :),O
458,Bhai badtameez! aadmi bhai haha,H
459,Yaar great job bro bro,O
460,clear aur easy setps bro,O
461,Yaar tumhara attitude pasand!! nhi aaya :),H
462,Mashallah zabardast editing!,O
463,Yaar tu! pagal hai kia bhai nice,H
464,Yaar kuch bhi bol :) deta hey tu :) lol,H
465,Aray good initiative bhai,O
466,Haye boht achaah content :) hai bhai,O
467,tere jaise log sab bigad dete hain bhai,H
468,Haye veri helpful yaar ok,O
469,Mashallah tum jaise :) logon ki wajah!!! se internet kharab hy :P,H
470,Mashallah ye sab!!! nafrat failata!!! hai :) yaar,H
471,Aray faltu kontent upload karte rehta hey,H
472,Yaar bakwas video :),H
473,Bhai bohat mehnat ki hey bhai,O
474,ajeeb bekaar banda hai :) yaar,H
475,Haye tu :P toh pure time waste hy :),H
476,shukriya share karne ke liye bhai lol,O
477,ARAY DIMAGH KA PRESSURE BADHA DIYA! VIDEO!! NE :),H
478,nice presentation bhai,O
479,Mashallah ajeeb bekaar banda hai bhai,H
480,Yaar zabardast editing bhai,O
481,mujhe ye vidiyo :) pasand! aaya yaar,O
482,Yaar good initiaative :) bro,O
483,Yaar faltu time waste :),H
484,Aray tum jaise log hamesha problem banate hain :),H
485,Bhai bakwaas baatein mat kar yaar,H
486,tumhara reply acha laga,O
487,NICE EXPLANATION YAAR BHAI,O
488,faltu kontent!!! upload karte rehta hey :),H
489,Yaar ghatiya quality yaar,H
490,Yaar kuch bhi bol deta hai tuu,H
491,Bhai ye sab nafrat failata :P haii bhai,H
492,Aray keep posting bro lol,O
493,Bhai nice presentation,O
494,Haye zyada smatr mat ban :),H
495,Bhai great job bro bhai,O
496,Mashallah tum jaise logon ki! wajah se internet :) kharab hy bhai,H
497,Haye excellent work bro yaar,O
498,Mashallah samajh nahi aata keaa kar raha hai yaar haha,H
499,Haye ajeeb bekaar banda hy bro,H
500,Mashallah respect foooor your hard owrk :) :),O
501,Yaar lajawab explanation bhai,O
502,Haye tujhe sharam nahi aati :),H
503,YAAR ACHAAH LAGAAA DEKH :) KAR,O
504,tuu sirf views ke liye kar raha hey bhai,H
505,Bhai very helpful,O
506,BHAI APPRECIATE YOUR EFFORT YAAR bro,O
507,Aray dimagh ka! pressure badha diya video ne yaar,H
508,Yaar itna overacting kyu karta hy bro,H
509,shukriya share karne!! ke liye bhai,O
510,Aray ukch bhi bol!! deta hai tuu nice,H
511,Haye faltu harkatein band :P kar :) nice,H
512,Yaar achaah laga dekh kar bro,O
513,Mashallah jhoot bolta haii tuu :),H
514,Yaar bakwas editing bhai,H
515,Aray samajh nhi aata kyaa kar!!! raha hai yaar,H
516,Aray positive vibes only bro,O
517,Haye bakwaas baatein :) mat kar :),H
518,pagal insaan yaar,H
519,Yaar tumhara kontent unique hy yaar nice,O
520,Yaar aise kaam! se :) kuhc nahin hota,H
521,BHAI INFORMATIVE CONTENT :),O
522,Bhai ganday jokes mat maar bhai,H
523,Mashallah boht acha content haii :),O
524,Aray very clean editing bhai haha,O
525,Bhai itna irritating! content :) lol,H
526,ARAY TU PAGAL HEY KYA!! YAAR haha,H
527,Yaar bohat informative vidiyo hy yaar,O
528,MASHALLAH GHATIYA QUALITY :),H
529,faltu harkatein band kar :P bro,H
530,zyada smart mat ban yaar,H
531,Mashallah shukriya share karne ke lyie yaar,O
532,dimagh kharab kar dia bhai,H
533,Aray boht useful tips di bhai,O
534,Haye dimagh kharab kar dia bro,H
535,Aray bilkul useless video bro,H
536,Mashallah simple aur samajhne layak video bro,O
537,Aray cool video bhai,O
538,Yaar tumhara content inspire karta hai!!! :),O
539,Yaar tu toh pure!! time waste hy bhai,H
540,Mashallah faltu harktaein band kar yaar,H
541,Mashallah jhoot bolta hai tuu bro,H
542,Haye faltu content upload karte rehta hai :),H
543,Yaar pagal insaan yaar,H
544,Yaar kuch!! bhi bol :) deat! hai tu bro,H
545,BHAI KOI SENSE NAHI HEY VIDEO MEIN lol,H
546,Haye nais try :) :),O
547,Haye bhai tu kuch nai jaanta,H
548,BHAI EXCELLENT WORK BRO YAAR bro,O
549,Haye bhai bohot acha video :) haii bro,O
550,Haye ye kyaa bakwas logic hai,H
551,Aray zabardast editing bro nice,O
552,Bhai bhai bahot :) achaah video haii bro,O
553,Aray best one! on this topic yaar,O
554,Aray zyada :) smart mat ban :),H
555,Yaar informative content :) bhai bro,O
556,Yaar positive vibes only!!!,O
557,Haye nice :) explanatino yaar bro,O
558,veri clean editing bro,O
559,Yaar mashallah nice work! yaar,O
560,Bhai pagal sa :) behaviour dikha! raha hai,H
561,Bhai boht accha!! content hey yaar,O
562,Mashallah jhoot bolta :) haii tu yaar,H
563,Bhai informative kontent bro,O
564,Aray kuch bhi bol deta hai tu yaar,H
565,Yaar nice :P message diya yaar,O
566,Haye awaaz irritate karti hai bro,H
567,proud of you bro,O
568,bohat informative vidio hai,O
569,Aray tum jaise log hamesha problem banate hain bro,H
570,Mashallah bohat informative :P video hai bro,O
571,Mashallah faltu time waste,H
572,YAAR TUM JAISE LOGON KI WAJAH SE INTERNET KHARAB HY YAAR,H
573,Haye bakwaas!! baatein mat kar bro,H
574,Aray badtameez aadmi bro,H
575,BHAI SAMAJH NAI AATA KYA KAR RAHA HAI YAAR,H
576,appreciate your :) effort,O
577,Mashallah yaar!!! tumh talented ho bhai,O
578,Yaar gud luck for neext project yaar,O
579,Aray ye kya bakwas logic hai :),H
580,Bhai wow kya baat haii :),O
581,Aray wow kya baat hai bhai,O
582,Haye dimagh ka dahi kar diya,H
583,Haye gr8 energy bro bhai,O
584,Mashallah faltu harkatein band kar yaar,H
585,Haye dimagh ka dahi kar :) diya yaar,H
586,Aray ajeeb!! bekaar banda haii yaar,H
587,Haye excellent!!! wooork bro bhai,O
588,ARAY NAIS!! TRY BHAI,O
589,Aray bakwas editing yaar,H
590,Haye aies kama :) se kuch nahi hota!! bhai,H
591,PROUD OF YOU BRO :),O
592,ye :) sab!! faltu kontent hai bro,H
593,Mashallah helpful! for beginners bhai,O
594,tumhara!!! attitude pasand nhi aaya bro,H
595,Mashallah very :) clean editing bhai,O
596,Aray pagal sa!!! behaviour dikha raha hy bro,H
597,nalayak banda :),H
598,Bhai faltu!! time! waste bro,H
599,Mashallah bilkul useless video :),H
600,great energy bro bhai,O
601,Yaar bro tum kuch nai jaanta bhai,H
602,cool video yaar,O
603,very :) clean editing bhai,O
604,Mashallah maza :) aagaya dekh kar bro,O
605,Aray bilkul useless video yaar,H
606,Mashallah gussa aaa gaya video dekh!!! kar bhai bro,H
607,Mashallah nice explanation yaar bhai,O
608,Aray ye sab jhoot hey bhai,H
609,Yaar superb yaar :),O
610,Mashallah tujhe sharam nhi aati,H
611,Bhai nice message diya :P yaar,O
612,Mashallah clear! aur :P easy steps :) haha,O
613,Haye awesome creativity yaar,O
614,Aray nice message diya bhai,O
615,Yaar boht accha kontent :) hey :),O
616,tuu toh pure!! time waste! hai,H
617,Yaar nais messaeg diya yaar,O
618,Mashallah jhoot bolta hey tum bro,H
619,Aray nais uttorial yaar,O
620,Yaar jhoot bolta haii tum yaar,H
621,Haye bhaiy boht achaa video hai!!! :),O
622,Mashallah bhai tuu kuch nahi jaanta :),H
623,ghatiya quality yaar,H
624,keep posting bhai,O
625,Yaar koi sense!! nai hy vidiyo mein,H
626,Yaar ghatiya quality bhai,H
627,Bhai good luck for next :) project yaar ok,O
628,Yaar dimagh kharab kar dia yaar,H
629,Bhai entertaining video yaar,O
630,Yaar positive vibes only bro,O
631,Aray tere jaise log :) sab bigad!! dete hain,H
632,Mashallah zyada smart mat ban bro nice,H
633,Aray great!!! job bro bhai,O
634,Mashallah awaaz irritate karti hai :),H
635,Yaar wow kya baat hai bhai,O
636,Bhai pagal sa behaviour dikha raha :) hai bro,H
637,tuu sirf views ke liye kar!!! raha hai bro,H
638,Aray pagal sa behaviour dikha raha hey :),H
639,aise kaam se kuch nahi hota bro,H
640,Mashallah itna overacting kyu karta hy bro,H
641,tumhara styleee alag hey :),O
642,Bhai bohat informative video hai bhai,O
643,Mashallah well explained bro,O
644,Aray kya faltu insan hy :),H
645,Mashallah bilkul useless vidiyo :),H
646,Haye ye sab jhoot hai bro,H
647,Haye bohat informative vidiyo hai :) bhai,O
648,Bhai bro bohot acha video hai bhai,O
649,Bhai bohat informative ivdeo hy! yaar,O
650,Bhai faltu time :) waste,H
651,Haye yaar tu bohot :) funny hai :),O
652,Yaar bilkul useless video :),H
653,veri clean editing bhai,O
654,BHAI AISE KAMA SE KUCH NAI!! HOTA!! :),H
655,YAAR HELPFUL FOR BEGINNERS,O
656,Aray ye sab nafrat!!! failata hai bro bro,H
657,Aray tumeh!!! jaise log hamesha problem banate hain,H
658,Bhai pagal insaan bro,H
659,Bhai nice tutorial :),O
660,Yaar tu :) pagal hai kya yaar ok,H
661,Aray itna irritating content bhai haha,H
662,Bhai bilkul useless video!! :),H
663,Bhai awaaz irritate karti haii yaar,H
664,Haye dimagh ka pressure badha diya video ne yaar,H
665,bakwaas :P baatein mat kar :),H
666,Mashallah boht acha :) kontent hai yaar,O
667,Yaar ye sab nafrat failata :) hai :),H
668,Mashallah excellent wokr bro :P bro,O
669,Yaar tera content bakwas haii bro,H
670,YAAR FLATU HARKATEIN BAND KAR :) lol,H
671,Mashallah tujhe!! sharam nahi aati!!,H
672,Haye boht achaa content haii :),O
673,simple aur samajhne layak video,O
674,Mashallah bohat mehnat!!! ki hai bro,O
675,Aray informative content :P bro,O
676,Bhai tumhara content unique hai lol,O
677,acha laga dekh kaar :),O
678,Aray samajh :) nai aata keaa kar raha hai bro,H
679,Mashallah boht! useful tips di :),O
680,Haye excellent work bro,O
681,Bhai tum sirf views ke liye kar! raha hai :P bhai,H
682,MASHALLAH YAAR TUMEH TALEENTED HO BRO,O
683,ye sab nafrat failata hai!,H
684,ARAY MAZA AAGAYA DEKH :P KAR :),O
685,Yaar ye sab jhoot :) hey bhai,H
686,Bhai ghatiya quality,H
687,HAYE PROUD OF YOU BRO,O
688,Yaar tuu :) samjhta kya hai apne aap ko bhai,H
689,Haye mujhe ye vidiyo pasand aaya bro,O
690,Mashallah bohat informative!! vidiyo hai yaar,O
691,Mashallah very :P clean ediiiiting :P bhai,O
692,BHAI ZYADA SMART MAT BAN BRO,H
693,bakwas!!! editing :),H
694,Mashallah faltu time waste,H
695,Mashallah ye sab faltu :) content hey :) yaar,H
696,Mashallah good initiative bro,O
697,Haye tere comments irritate karte hain bro,H
698,Yaar badtameez aadmi bhai,H
699,BHAI ENTERTAINING VIDIO BRO,O
700,Haye faltu content upload!!! karte rehta hai bhai,H
701,clear aur easy :) steps yaar haha,O
702,BHAI MAZA AAGAYA DEKH KAR!,O
703,dil khush kar diya :),O
704,Haye sahi :) kaha tumne bhai,O
705,Yaar good luck for next rpoject yaar,O
706,Aray bakwas vidiyo,H
707,Yaar tujhe!!! sharam nhi :) aati!!! :),H
708,Mashallah best one on this topic bro,O
709,faltu kontent :P upload karte rehta hai :),H
710,NICE! TRY YAAR,O
711,Bhai gussa aa gaya video dekh kar yaar,H
712,YAAR FALTU CONTENT UPLOAD KARTE REHTA HAI YAAR,H
713,Yaar ye!! sab jhoot hai bhai,H
714,Haye dil khush kar diya yaar,O
715,Aray tere comments irritate katre hain yaar haha,H
716,tuu toh pure time waste hy :) bhai,H
717,Aray zyada smart mat ban,H
718,kuch bhi bol deta haii!! tu!!!,H
719,Mashallah ye kya bakwas logic hy bhai,H
720,Mashallah faltu harkatein! band kar yaar,H
721,Haye boht useful tips di bro ok,O
722,Bhai zyada smart mat ban yaar,H
723,Yaar faltu harkatein band kar yaar lol,H
724,Aray lajawab explanation :),O
725,Yaar achaa laga edkh kar,O
726,Yaar tujhe sharam :) nahi aati bhai,H
727,Bhai bakwaas baatein maaaat kar yaar,H
728,Bhai faltu content upload karte rehta hey yaar,H
729,bhaiy :) tu kuch nahin jaanta,H
730,Haye helpful for beginners bro,O
731,Bhai helpful! for beginners :) lol,O
732,Aray gr8 job bro bhai,O
733,Aray keaa faltu insan hy bro nice,H
734,Aray faltu :P kontent uuupload karteeee rehta hy,H
735,YAAR POSITIVE VIBES ONLY :),O
736,Aray nice try :),O
737,tera content bakwas hai bhai,H
738,Yaar maza aagaya dekh kar bhai,O
739,Yaar tumhara content inspire karta hy :),O
740,Mashallah superb yaar bro,O
741,Haye kuch seekh le pehle :),H
742,YAAR SHUKRIYA SHARE!!! KARNE KE LIYE YAAR,O
743,Mashallah nais presentation bhai,O
744,MASHALLAH TUMHARA ATTITUDE PASAND NAI AAYA,H
745,ARAY PAGAL SA BEHAVIOUR DIKHA RAHA HY YAAR,H
746,Haye keep!! posting :),O
747,Yaar tere jaise log sab bigad dete hain,H
748,awaaz :) irritate karti haii yaar,H
749,Haye tumhara :) reply acha laga,O
750,Bhai tum kitna ghatiya insan hai bhai,H
751,Haye maza aagaya dekh kar yaar,O
752,Bhai ye sab nafrat failata hai bro,H
753,Haye boht accha kontent hai bro,O
754,Aray clear! aur easy steps yaar,O
755,HAYE GOOD INITIATIVE,O
756,Bhai superb!!! yaar yaar,O
757,Haye tumhara content unique hai bro,O
758,Haye bro bohut achaa video hai nice,O
759,Mashallah dil khush kar diya bro,O
760,Haye tumhara sense of humor best :P hey bhai,O
761,Aray yaar tuu bahot funny!! hai! bro,O
762,Yaar tu kitna ghatiya!! insan hey bhai haha,H
763,Bhai tumhara reply acha laga bro,O
764,Haye superb yaar bro haha,O
765,Yaar bakwas video :),H
766,badtameez aadmi,H
767,Aray ye :P kya bakwas!!! logic haii bhai,H
768,Mashallah simple aur samajhne layak video bro,O
769,Haye great!!! energy! bro bhai,O
770,Bhai faltu :) time waste yaar,H
771,Aray wow kya baat hai :P bro,O
772,ARAY TU TOH DRAMA QUEEN NIKLA BRO,H
773,Aray nalayak banda bhai,H
774,Bhai mujhe ye vidio pasand aaya :),O
775,Aray tuu toh drama quuueen nikla bhai,H
776,BHAI BAKWAS VIDIO,H
777,maza aagaya dekh kar bro,O
778,Aray tum jaise logon ki wjaah se internet kharab hey bro ok,H
779,Bhai tumhara content! inspire karta hai yaar,O
780,YAAR TU TOH PURE TIME WASTE HAII BHAI,H
781,Yaar cool video yaar,O
782,Bhai tera accent ajeeb haii bro,H
783,Aray boht achaah kontent hai,O
784,Haye tere comments irritate karte hain bro,H
785,Mashallah clear aur easy steps!!! :),O
786,Bhai tumhara style alag hey,O
787,Aray nais try :),O
788,Haye bohat informative vidio hai bro,O
789,Mashallah tu toh pure time waste hey,H
790,Mashallah tu samjhta keaa hai apne aap ko,H
791,Yaar tum pagal hey keaa bhai,H
792,Yaar zyada smart mat ban yaar,H
793,Yaar awesome! creativity!! yaar,O
794,Bhai yaar tu bohot funny haii yaar,O
795,Yaar dimagh ka pressure badha diya :) vidiyo!! ne bhai,H
796,Bhai faltu kontent upload karte reeehta hai bhai,H
797,YAAR GUSSA AA GAYA VIDIYO DEKH KAR :),H
798,yaar tu bohot funny hy bro,O
799,Yaar faltu :) video banai hai bhai,H
800,Aray kuch sekeh :) le pehle bhai nice,H
801,Bhai tera accent ajeeb hai bhai,H
802,Aray tera :) accent ajeeb hai :),H
803,Mashallah bakwaas baatein mat kar :) bro,H
804,Mashallah very clean editing bro,O
805,Yaar respect :) for your hard! work bro,O
806,Mashallah shukriya shaer karne ke liye :),O
807,Yaar ye sab jhoot hey :),H
808,Aray nais explanation yaar bhai,O
809,Aray best one on this topic bro,O
810,Mashallah dimagh ka pressure badha diya vidiyo ne yaar,H
811,Aray tuu toh drama queen nikla :) yaar,H
812,Aray fatlu time waste,H
813,tumhara attitude! pasand nahin aaya bro,H
814,EXCELLENT WORK BRO,O
815,Yaar tuu toh pure time watse :P hai bhai,H
816,Haye appreciate your! effort lol,O
817,Yaar ye keaa bakwas logic hai!!,H
818,Haye badtameez aadmi,H
819,Aray ye sab nafrat failata haii bro,H
820,MUJHE!!! YE VIDEO PASAND AAYA! BHAI,O
821,Bhai well done yaar nice,O
822,Yaar bohat!!! informatvie video hai yaar,O
823,Mashallah great!! energy bro :) haha,O
824,Yaar nalayak banda yaar,H
825,Aray ganday jokes!!! mat maar bhai,H
826,shukriya share karne ke liye bro,O
827,Yaar bakwas editing bro,H
828,Yaar tera kontent bakwas hai :) nice,H
829,tum jaise :) log hamesha problem banate hain bro,H
830,Haye tera content bakwas hai :) bhai,H
831,MASHALLAH AWESOME CREATIVITY YAAR,O
832,Yaar lajawab! exlpanation :),O
833,ARAY ITNA IRRITAATING CONTENT :),H
834,Haye keep it!! up yaar,O
835,Aray tumeh :P jaise log hamesha problem banate hain bhai,H
836,Bhai very clean eediting,O
837,jhoot bolta hai :) tum :),H
838,Mashallah dimagh ka! pressure badha diya vidiyo ne yaar,H
839,Aray pagal sa behaivour dikha raha hai bhai,H
840,Aray faltu harkatein :) band kar bhai lol,H
841,Mashallah gud initiative bhai,O
842,Mashallah kamal ka effort hai bhai,O
843,Aray tu samjhta kia hai anpe aap ko,H
844,Mashallah faltu harkatein! band!! kar bhai,H
845,Haye great :) energy bro,O
846,Bhai appreciate your effort yaar,O
847,Haye tere :) comments :) irritate! karte hain bro,H
848,Mashallah great! eneryg bro yaar haha,O
849,mujhe ye video pasand aaya :),O
850,Mashallah badtameez aadmi :P yaar,H
851,Mashallah entertaining vidiyo yaar,O
852,Haye pagal sa behaviour dikha raha haii yaar lol,H
853,Aray cool video bro,O
854,Aray proud of you bro bhai,O
855,Aray gud luck for next project bro,O
856,Bhai helpful for beginners :),O
857,Bhai faltu time! waste bro,H
858,Aray zabardast editing yaar,O
859,Aray perfect explanation bhai,O
860,Yaar tere comments irritate karte hain yaar,H
861,Mashallah bilkul useless video bro,H
862,tere jaise log sab bigad dete :P hain bro,H
863,Mashallah bakwas editing,H
864,Haye nice try :),O
865,Haye cool vidio yaar,O
866,Mashallah simple aur samajhne layak video,O
867,Aray faltu time waste yaar,H
868,respect for your hard work,O
869,Bhai very!!! clean editing bhai,O
870,Aray samajh nahi aata kia kar!! raha hai yaar,H
871,Yaar jhoot bolta hy!! tuu bhai,H
872,Aray awesome creativity bhai,O
873,Haye dimagh ka :) pressure badha diya!! video ne,H
874,Yaar gud luck for next project bro bro,O
875,Haye waaaz irritate karti hai bro nice,H
876,Aray tum pagal hai kia :) bhai,H
877,HAYE ITNA OVERACTING KYU KARTA HAI :) bro,H
878,Aray bohat mehnat ki hai bro haha,O
879,Haye dimagh ka pressure badha diya :) video ne haha,H
880,Haye itna overacting kyu!! karta haii bro,H
881,Yaar dimagh ka pressure badha diya vidio :) ne,H
882,ARAY MASHALLAH NAIS WORK BRO,O
883,Bhai good initiative bhai,O
884,Aray tera accent ajeeb hai yaar,H
885,Mashallah ganday jokes mat maar :),H
886,Mashallah clear aur easy steps :),O
887,Haye awesome creativity bro,O
888,Bhai bakwas editing bhai lol,H
889,Bhai zyada smart mat ban :) ok,H
890,Mashallah tu toh!! drama queen nikla :) ok,H
891,Aray tumhara content inspire karta hai yaar,O
892,Aray good luck for neeext project :) ok,O
893,Haye bakwas video :) :),H
894,Yaar great energy bro :P bro,O
895,ARAY YAAR TUM TALENTED HO :) bro,O
896,Yaar bilkul useless video :),H
897,Yaar bhai bohot achaah vidio hai bhai,O
898,Bhai bohat mehnat ki hai :),O
899,Mashallah excellent work bro yaar,O
900,BHAI NCIE TUTORIAL :),O
901,Bhai keep posting bhai,O
902,Aray boht :P acha content!! hy,O
903,Yaar pagal sa behaviour dikha raha hey bhai,H
904,Bhai tujhe sharam nahi aati yaar,H
905,Aray respect for your hard work :P bhai,O
906,ye sab nafrat failata hai :),H
907,Yaar bhoat mehnat ki hai,O
908,YAAR JHOOT BOLTA HAI TU,H
909,Yaar tu toh :P drama queen nikla,H
910,Bhai bohat mehnaaaat ki haii,O
911,Aray nice tutorial,O
912,Bhai ye kyaa bakwas :) logic hai,H
913,Bhai jhoot bolta hai tu,H
914,Yaar tum jaise log hamesha problem banate hain yaar,H
915,Bhai dimagh kharab kar!!! dia :) lol,H
916,Yaar sahi kaha tumne yaar,O
917,Bhai kuch seekh!!! le pehle bhai,H
918,Aray ye sab nafrat failata hai bhai,H
919,Yaar faltu :) vidiyo banai hai yaar,H
920,koi! sense nai hai :P video mein,H
921,Bhai samajh :P nhi aata kya kar!! raha hy bro,H
922,ARAY MASHALLAH NICE WORK BHAI,O
923,Bhai awaaz!! irritate karti haii :) :),H
924,Haye bakwaas baatein mat kar yaar bro,H
925,Yaar tume jaise log hamesha problem banate hain yaar,H
926,HAYE EXCELLENT WORK BRO!! BRO,O
927,ARAY MASHALLAH NICE WORK,O
928,Yaar ganday jokes mat maar :),H
929,Aray teer comments irritate! karte hain :),H
930,HAYE GREAT JOB BRO :),O
931,Aray tujhe sharam nahi aati! bhai,H
932,Aray itna irritating content!!!,H
933,tu kitna ghatiya insan :) hai yaar,H
934,Bhai tu toh drama queen nikla :),H
935,Aray proud of you bro :P :),O
936,Bhai kamal ka effotr hai bro,O
937,Aray ghatiya quality bro,H
938,Mashallah helpful for beginners :) bhai,O
939,faltu kontent upload :) kaaarte rehta hai bro,H
940,Aray tu toh :) pure time :) wsate hai,H
941,Yaar boht useful tips di :),O
942,Aray zyada smart mat ban :),H
943,Yaar accha laga dekh kar bhai,O
944,MASHALLAH TUM TOH PURE TIME WASTE HEY YAAR,H
945,pagal insaan :),H
946,great job bro yaar,O
947,TU KITNA GHATIYA INSAN HAI BHAI,H
948,Mashallah nais :P message diya bro,O
949,tum samjhta kyaa haii apne aap!! ko yaar,H
950,Bhai tere :) comments irritate :P karte!! hain yaar,H
951,Haye tujhe sharam nai aati bro lol,H
952,Haye faltu! harkatein!! band kar yaar,H
953,Mashallah tumhara!!! content inspire karta hey :),O
954,Yaar bakwas editing bhai,H
955,Mashallah entertaining!! vidiyo :),O
956,Mashallah ye sab! jhoot hy bhai,H
957,HAYE TUMHARA :) ATTITUDE PASAND :) NAHI AAYA BHAI,H
958,Aray wow kya! baat haii bro,O
959,BHAI YAAR TUMEH TALENTED HO BHAI,O
960,Yaar keep it up :),O
961,Yaar best one on this topic :),O
962,tu samjhta :P kya hai anpe aap ko bhai,H
963,Yaar zabardast editing bhai,O
964,Haye ye kya bakwas logic hai :) bro,H
965,Yaar faltu harkatein band kar yaar,H
966,Yaar well explained bro,O
967,Haye kuch seekh le pehle yaar,H
968,Haye proud of you!! bro bhai haha,O
969,Aray cool video bhai,O
970,Bhai dimagh ka dahi kar diya :),H
971,Bhai ajeeb bekaar banda hey bhai,H
972,Yaar pagal!!! insaan bro,H
973,Haye nice tutorial bro,O
974,YAAR TUMHARA STYLE ALAG!!! HEY BHAI,O
975,MASHALLAH GUSSA AA :P GAYA VIDEO :P DEKH KAR,H
976,ganday jokes mat maar bro,H
977,MASHALLAH AJEEB BEKAAR BANDA HAI YAAR nice,H
978,Mashallah kamla :) ka :) effort hey bro,O
979,Mashallah koi sense!! nai hai vidio mein yaar,H
980,Mashallah tera content bakwas hy,H
981,Bhai faltu vidiyo!! bania :) haii,H
982,Aray boht acha content hy,O
983,Mashallah great :) job bro bro,O
984,Mashallah clear aur easy steps :),O
985,Yaar zyada smart!! mat ban bhai,H
986,Aray faltu video banai hey bro,H
987,Mashallah best one on!!! this topic ok,O
988,Yaar nice message diya bro,O
989,Aray mujhe ye vidiyo pasand aaya :),O
990,Aray keep posting!!,O
991,itna irritating kontent yaar,H
992,HAYE MUJHE YE VIDEO :) PASAND AAYA BHAI,O
993,Mashallah tu kitna ghatiya insan haii bhai,H
994,Haye tu samjhta kia haii apne aap ko bhai,H
995,Aray acha laga! dekh kar :),O
996,Mashallah ye kya bakwas logic! hai yaar,H
997,Yaar tera accent ajeeb hai,H
998,Bhai tumhara attitude pasand nahi aaya,H
999,Yaar bohat mehnat :) ki hai! bro,O
1000,Mashallah bakwaas baaetin mat kar :),H
1001,Mashallah well done yaar,O
1002,excellent work bro :),O
1003,Bhai tuu! sirf views ke liye kar raha hey,H
1004,Aray gr8 energy bro :),O
1005,Mashallah tum jaise :) log hamesha problem banate hain yaar,H
1006,MASHALLAH AISE :) KAAM SE KUCH :P NAHI! HOTA BHAI,H
1007,Mashallah bakwas video :),H
1008,Aray shukriya!!! share karne ke liye yaar,O
1009,Aray faltu kontent upload karte!!! rehta hai yaar,H
1010,Mashallah bohat informative video hai :),O
1011,Haye mashallah :P nice work :),O
1012,Yaar bakwaas :) baatein mat kar,H
1013,itna oevracting kyu! karta hy :),H
1014,tumeh jaise logon ki wajah se internet kharab hy bhai,H
1015,Yaar greeat energy bro yaar,O
1016,Aray bakwas editing :) :),H
1017,Mashallah tu pagal hy kya bro,H
1018,Bhai lajawab :) explanation :) haha,O
1019,faltu vidiyo! banai hey yaar,H
1020,Aray faltu harkatein band :) kar bro,H
1021,Bhai tera content bakwas hey bhai ok,H
1022,Mashallah jhoot bolta hey tu nice,H
1023,Yaar zabardast editing! :),O
1024,Mashallah boht acha content haii yaar,O
1025,Haye well explained yaar,O
1026,Yaar ye sab nafrat failata hey yaar,H
1027,faltu vidiyo banai hai bhai,H
1028,Mashallah lajawab explanation,O
1029,Yaar bakwas video bhai,H
1030,Bhai tume jaise logon ki wajah se internet kharab hai bhai,H
1031,Haye awaaz irritate karti hai :) :) lol,H
1032,Mashallah tere jaise log sab bigad dete hain bro,H
1033,Aray kamal ka eeeeffort hai yaar,O
1034,boht useful tips di! :),O
1035,Mashallah well done :),O
1036,Bhai kuch seekh le pehle :) lol,H
1037,itna irritating content :),H
1038,BHAI DIMAGH KHARAB! KAR DIA :),H
1039,Bhai tu sirf :) views ke liye kar raha hai! :) bro,H
1040,Yaar best one on this topic bro,O
1041,Haye shukriiiiya share karne ke liye bro,O
1042,Haye lajawab explanation,O
1043,Haye kya faltu insan hai,H
1044,Bhai ye kya bakwas logic hy yaar,H
1045,Haye dimagh ka pressure badha diya video :) ne yaar,H
1046,Mashallah ghatiya quality yaar,H
1047,Yaar awesome creativity,O
1048,Aray informative :) content!!,O
1049,BHAI BOHT USEFUL TIPS DI YAAR,O
1050,Bhai ghatiya quality bhai,H
1051,Haye tuu!! toh pure time waste!!! hai bro,H
1052,Bhai tu kitna ghatiya insan hai bhai,H
1053,tera!!! content! bakwas hey bro,H
1054,Yaar nais explanation yaar bhai,O
1055,HAYE HELPFUL FOR BEGINNERS YAAR,O
1056,Mashallah naiis! presentation :),O
1057,ARAY DIMAGH KHARAB KAR :) DIA BRO,H
1058,Yaar kya faltu insan hai,H
1059,bhai tu kuch nai!! jaanta!! yaar,H
1060,Haye maza aagaya dekh kar :),O
1061,Aray proud of you bro bhai,O
1062,Aray tumhara reply!! acha :) laga bhai,O
1063,Bhai tumhara style alag hy!! yaar nice,O
1064,Yaar faltu video banai haii bhai,H
1065,kuch bhi bol deta!!! hey tum! yaar,H
1066,Haye ghatiya quality,H
1067,Aray bilkul useless vidio!!!,H
1068,Haye tuu samjhta kya hai apne aap ko bro,H
1069,Mashallah nice!! explanation! yaar,O
1070,Bhai tum toh pure time waste hai bro,H
1071,bakwas!! editing bro,H
1072,Bhai tere commetns irritate kaarte hain bhai,H
1073,Haye gr8 job bro :P :),O
1074,tere jaise log sab bigad dete hain bhai,H
1075,Yaar appreciate your effort bro,O
1076,Mashallah bakwaas baatein mat kar!,H
1077,tu pagal hai kya yaar,H
1078,ARAY NICE MESSAGE DIYA :),O
1079,Aray mujhe ye :P vidiyo pasand aaya yaar,O
1080,YAAR TU KITNA GHATIYA INSAN HEY BRO,H
1081,Mashallah excellent work bro :),O
1082,Mashallah tumhara content :) unique hey :),O
1083,falut content!! upload karte rehta haii :) ok,H
1084,Bhai tum jaise logon ki wajah se internet kharab hai :),H
1085,Yaar bakwas editing bro,H
1086,Bhai bohat mehnat ki hai yaar,O
1087,Yaar tum kitna ghatiya insan hai,H
1088,Mashallah helpful for beginners yaar,O
1089,excellent work bro,O
1090,Yaar gud initiative bro,O
1091,Aray koi sense nahi hey viedo mein bro,H
1092,Mashallah bilkul useless video :),H
1093,Bhai best! one on this topic bro,O
1094,Mashallah tera accent ajeeb hey bhai,H
1095,HAYE AWESOME CREATIVITY!! YAAR,O
1096,Aray kamal ka effort!! hey bhai,O
1097,Yaar faltu content!! upload karte :P rehta hai,H
1098,Mashallah achaah laga dekh kar bhai,O
1099,Mashallah tuu pagal :) hai kya :),H
1100,Bhai tu :) sirf views ke liye :) kar raha haaai yaar,H
1101,Yaar excellent work bro bhai,O
1102,GUD INITIATIVE :),O
1103,Mashallah ghatiya quality bro,H
1104,Mashallah tere jaise log sab bigad dete hain bro haha,H
1105,keep it up! bhai,O
1106,Yaar maza aagaya dekh kar :),O
1107,Aray badtameez aadmi,H
1108,Mashallah aweosme creativity,O
1109,Haye tu :) pagal!! haii kya yaar,H
1110,Bhai nice presentation :),O
1111,Yaar good luck for next project yaar,O
1112,Aray tera content!! bakwas hy bhai bro,H
1113,Aray tumhara content inspire karta haii :),O
1114,Yaar superb yaar yaar,O
1115,Aray tum :) jaise log hamehsa problem banate hain bro,H
1116,DIMAGH!!! KA PRESSURE BADHA DIYA VIDEO NE YAAR,H
1117,Bhai tu toh pure time waste hai bhai,H
1118,Bhai perfect :P explanation,O
1119,Bhai naiis presentation bhai,O
1120,BHAI GREAT ENERGY :P BRO,O
1121,Haye respect for your hadr work yaar,O
1122,tere comments irritate karte hain! :),H
1123,bakwas vidio bhai,H
1124,BHAI BHAIY TUM KUCH NAHI JAATNA YAAR,H
1125,Haye simple aur :) samajhne layak video yaar,O
1126,Haye well done,O
1127,BHAI TUMHARA CONTENT UNIQUE HY! :),O
1128,mashallah nais work bhai,O
1129,Haye bhia bohot achaah video!! hey bhai,O
1130,bhai tu kuch nai jaanta,H
1131,Mashallah tumhara content unique haii,O
1132,Mashallah ajeeb bekaar banda!!! hey yaar,H
1133,MASHALLAH NICE EXPLANATION! YAAR,O
1134,Bhai shukriya share karne ke liye bro,O
1135,positive vibes only bhai bro,O
1136,Mashallah informative content bro,O
1137,Yaar nice presentation!! bhai,O
1138,Mashallah ghatiya quality bro,H
1139,Yaar appreciate yoru effort bhai,O
1140,Yaar helpful for!!! beginners bro,O
1141,Bhai flatu harkatein bnad kar :) bro,H
1142,Aray tumh jaise log hamesha problem banate hain bro,H
1143,MASHALLAH KOI! SENSE NAHI HAI VIDEO MEIN YAAR,H
1144,awaaz! irritate karti haii :),H
1145,ajeeb bekaar badna hai :),H
1146,Haye tuu pagal hai kya :),H
1147,great job bro yaar,O
1148,Yaar good initiative :),O
1149,lajawab explanation,O
1150,Mashallah koi sense nahi hey video :) mein bhai lol,H
1151,Mashallah boht useful tips di yaar,O
1152,Mashallah clear aur!! easy steps bhai,O
1153,Aray boht :) achaah content hai yaar,O
1154,Bhai tumhara kontent inspire karta hai bro,O
1155,HAYE MUJHE YE VIDEO PASAND AAAY BHAI,O
1156,Aray mujhe ye :) videeo pasand aaya :),O
1157,Aray well :) done yaar,O
1158,Mashallah jhoot bolta :P hai tum yaar,H
1159,Yaar good initiative :),O
1160,Aray respect for your hard :) work :),O
1161,well explained :),O
1162,Mashallah faltu!!! time waste bro,H
1163,Bhai positive vibes only bro,O
1164,proud of you bro :),O
1165,Haye nice explanation ayar,O
1166,Aray tumhara style! alag hai :),O
1167,Aray entertaining video bro,O
1168,Yaar respect for your hard work :),O
1169,Mashallah gussa aa gaya video dekh kar,H
1170,Aray perfect explanation :) :),O
1171,Bhai ye sab faltu content haii bhai,H
1172,Bhai clear aur! easy steps bro haha,O
1173,Bhai kya faltu insan hey bhai,H
1174,very :P clean!! editing :) bro,O
1175,Yaar veri clean editing yaar lol,O
1176,Mashallah nalayak badna,H
1177,Mashallah ye kyaa bakwas logic hey :),H
1178,veri cleeeean editing bhai,O
1179,Yaar yaar tume talented ho bro ok,O
1180,Yaar ye sab faltu kontent hy,H
1181,Mashallah ye sab nafrat failata hai yaar,H
1182,Haye ye sab johot hey,H
1183,HAYE KUCH SEEKH LE PEHLE BRO,H
1184,Aray entertianing video bhai haha,O
1185,Aray kuch :P seekh :) le!!! pehlee bro,H
1186,Bhai tumhara attitude! pasand :) nhi aaya bhai,H
1187,Haye ye sab faltu content hy bhai,H
1188,Yaar zabardast editing bhai,O
1189,ye :) sab :) nafrat failata hai bhai,H
1190,Haye tumhara style :P alag haii :) bro,O
1191,Bhai bhai :P tuu kuch :P nahi! jaanta bhai,H
1192,Bhai very helpful bro,O
1193,Mashallah faltu time waste bro,H
1194,MASHALLAH KUCH SEEKH LE PEHLE YAAR,H
1195,Mashallah beeeest one on this! topic!!! :),O
1196,MASHALLAH BAKWAS VIDEO BRO,H
1197,Bhai achaah laga dekh kar yaar,O
1198,Haye dimagh ka rpessure badha diya! vidiyo ne bhai,H
1199,Yaar boht :P useful tips di!!!,O
1200,Haye sahi kaha tumne bro,O
1201,keep posting yaar,O
1202,Yaar gud information di :),O
1203,Bhai entertaining vidiyo :),O
1204,Mashallah nice explanation yaar bhai,O
1205,Mashallah sahi kaha tumne!!! lol,O
1206,Bhai itna irritating kontent,H
1207,Yaar tujhe sharam nahin aati yaar,H
1208,MASHALLAH COOL VIDEO :),O
1209,mashallah nice work :),O
1210,Bhai very hlepful :P yaar,O
1211,jhoot bolta hai tu! bro,H
1212,BHAI BEST ONE!!! ON THIS TOPIC! YAAR,O
1213,Bhai best one on this!!! toipc yaar,O
1214,ARAY BOHAT :) INFORMATIVE VIDIO HAII BHAI,O
1215,Yaar perfect explanation bhai,O
1216,nice message diya :),O
1217,Bhai tere jaise log sab bigaaad! dete!!! hain bro,H
1218,Yaar faltu kontent upload karte rehta hy bhai,H
1219,Bhai maza aagaya :) dekh kar bhai,O
1220,maza aagaya dekh kar :) bro,O
1221,Bhai falut harkatein band! kar bhai,H
1222,Haye tere comments irritate karte :) hain,H
1223,Yaar zabardast editnig bro,O
1224,Haye proud of you bro bhai,O
1225,Aray tum jaise log hmaesha problem banate hain :),H
1226,Aray shukriya share karne ke liye!!! bhai,O
1227,NAIS EXPLANATION YAAR :),O
1228,Yaar kcuh :) seekh!! le pehle bro,H
1229,Bhai excellent work bro :),O
1230,Mashallah keep it up,O
1231,Aray proud of you bro bhai,O
1232,Mashallah bhai!!! bohot achaah video hai bhai,O
1233,PERFECT EXPLANATION,O
1234,Aray well explained! nice,O
1235,VERY HELPFUL :),O
1236,Bhai dil khush kar diya bhai,O
1237,Haye tumhara content unique hai! :),O
1238,Aray ye sab nafrat :P failata :P hai :) :),H
1239,Mashallah naiis message diya :P :),O
1240,Bhai bilkul useless vidio,H
1241,Mashallah tuu toh :P drama queen nikla bhai,H
1242,Bhai dimagh ka pressure badha diya vidio!! ne bro ok,H
1243,Yaar aise kaam se kuch nahi hota bro,H
1244,Haye boht acha! content hy :),O
1245,Yaar sahi kaha tumne :),O
1246,HAYE SHUKRIYA SHARE KARNE KE LIYE BRO,O
1247,Yaar itna overacting kyu karta hai,H
1248,Aray tumhara reply acha laga yaar,O
1249,Bhai awesome creativity bhai,O
1250,Mashallah pagal :) insaan bhai,H
1251,Haye boht useful tips di :),O
1252,Yaar nice tutorial,O
1253,Yaar maza!! aagaya dekh kar,O
1254,Aray great!!! job bro :),O
1255,Bhai nalayak banda,H
1256,MASHALLAH TU TOH PURE TIME :P WASTE HEY BRO,H
1257,Haye shukriya share karne ke! liye :),O
1258,Mashallah gussa aa gaya vidio dekh kar bhai,H
1259,Bhai good luck for next project bro,O
1260,Mashallah ye kya bakwas logic hai :) bro,H
1261,YAAR TUMHARA STYLE ALAG HEY YAAR,O
1262,Mashallah tum pagal haii keaa,H
1263,Yaar naiis presentation ok,O
1264,Yaar bilkul uuuuseless video :) nice,H
1265,Yaar kaamal ka effort hai yaar,O
1266,Haye kuch seekh le pehle bro,H
1267,BHAI KYAA FALTU INSAN HAI :),H
1268,Mashallah ye sab nafrat failata haii bro,H
1269,Mashallah clear aur easy steps bro,O
1270,Mashallah very helpful,O
1271,Bhai tujhe sharam nai aati! bro,H
1272,Aray tu toh drama queen nikla yaar,H
1273,Haye bakwaas baatein :P mat kar yaar,H
1274,BHAI POSITIVE VIBES :) ONLY,O
1275,Yaar koi sense nahi hai vidio :P mein haha,H
1276,Yaar proud of you bro,O
1277,Yaar cool vidiyo yaar,O
1278,Haye tumhara style :) alag hai,O
1279,Yaar itna overacting kyu karta :P hai bro,H
1280,Mashallah awesome creativity :),O
1281,tumhara attitude! pasand nahi aaya :),H
1282,bro tuu kuch nahi jaanta :),H
1283,Aray aise kaam se kuch nai hota yaar,H
1284,Mashallah pagal insaan bhai,H
1285,Aray tumhara reply acha lgaa yaar,O
1286,shukriya!!! share karne :) ke liye yaar,O
1287,Mashallah bhai tuu kuch nahin!!! jaanta :),H
1288,YAAR KEEEEP POSTING :),O
1289,Mashallah koi! sense nahin hai video mein,H
1290,positive vibees only yaar,O
1291,HAYE INFORMATIVE CONTENT BRO,O
1292,lajawab explanation bhai haha,O
1293,Haye great energy bro bhai,O
1294,samajh nai aata kya kar!! raha hai!! yaar lol,H
1295,Mashallah aise kaam se kuch nahi :) hota :) nice,H
1296,Mashallah tera!!! content bakwas hy :),H
1297,Haye bakwas video,H
1298,koi sense nhi hai video mein yaar,H
1299,Bhai ye sab!!! nafrat failata hai yaar,H
1300,Haye mujhe ye vidiyo pasand aaya yaar,O
1301,Aray tumhara attitude pasand! nahi aaya! yaar,H
1302,Yaar zyada smart mat ban bro,H
1303,ARAY KEEP POSTING BHAI,O
1304,ye sab :P faltu content hey bro,H
1305,HAYE SAHI KAHA TUMNE BHAI,O
1306,Haye kuch seekh le pehle bhai,H
1307,Aray kuch seekh le pehle :),H
1308,Bhai aise kaam se kuch nahin hota bro,H
1309,Haye achaa :) laga dekh kar yaar,O
1310,Bhai ajeeb bekaar banda hy bro,H
1311,Haye itna overacting kyu karta hai!!! yaar,H
1312,Yaar bhai bohot acha!! vidiyo!! hy bro,O
1313,Bhai tu pagal hai kyaa bhai bro,H
1314,itna irritating kontent :),H
1315,Bhai boht acha kontent hai bhai,O
1316,Haye yaar tum bahot funny hai :P bhai,O
1317,Mashallah kamal ka!! effort hai yaar haha,O
1318,Yaar appreciate your effort :) ok,O
1319,samajh nahi aata :) keaa kar :) raha! hai,H
1320,Yaar keep posting!!! :),O
1321,Mashallah faltu harkatein band kar! bro,H
1322,Aray bohat mehnat ki hai bhai,O
1323,Haye faltu content!! upload karte rehta hai bhai haha,H
1324,Haye nice presentation bhai,O
1325,Mashallah bakwas :) editing :P :),H
1326,veri clean edtiing ok,O
1327,BHAI YE KYA BAKWAS LOGIC HAI YAAR,H
1328,faltu video banai haii yaar,H
1329,Yaar keep posting bro,O
1330,tujhe sharam nahi aati bhai,H
1331,Haye bakwas editing haha,H
1332,WOW KYA BATA HAI!! BRO,O
1333,MASHALLAH TUMEH JAISE LOG HAMESHA PROBLEM BANATE HAIN,H
1334,Mashallah tuu pagal hai kyaa bro,H
1335,Yaar boht useful tips di bro haha,O
1336,Mashallah very helpful bro,O
1337,Haye simple aur samajhne! layak vidio bro,O
1338,BHAI MUJHE YE VIDIYO PAASND AAYA YAAR,O
1339,Aray jhoot bolta! hey!! tu :),H
1340,Aray nice message diya bro,O
1341,Mashallah zabardast editing,O
1342,Haye faltu :P harkatein band kar :) bro nice,H
1343,Aray good information di bhai,O
1344,Mashallah nice try :),O
1345,Yaar awaaz irritate karti haai bhai haha,H
1346,Aray koi!! seeense nai hai vidio :) mein,H
1347,Bhai tu!! sirf views ke liye kar :) raha hai,H
1348,Bhai gussa aa gaya!!! video dekh kar :),H
1349,Aray pagal sa behaviour dikha raha hey bhai,H
1350,Bhai entertaining video bhai nice,O
1351,Yaar zyada smart mat ban :),H
1352,nalayak banda :),H
1353,ARAY GREAT ENERGY BRO BRO,O
1354,Yaar great job bro bro,O
1355,Aray ye sab nafrat failata haii bro nice,H
1356,Aray gussa :) aa gaya video dekh kar bhai,H
1357,Mashallah awesome creativity bhai haha,O
1358,Bhai tujhe sharam!! nahi aati bro,H
1359,Yaar zabardast :) editing bro,O
1360,Aray dil khush :P kar diya :),O
1361,ye kia bakwas logic hai bhai,H
1362,Bhai dimagh ka pressure badha diya video ne yaar,H
1363,Bhai tujhe sharam nahin!! aati bhai,H
1364,Bhai gussa aa agya video dekh kar yaar,H
1365,Haye tu pagal hai kyaaaa :P :),H
1366,Haye ye sab nafrat!! failata haii bro,H
1367,Yaar superb yaar!! bhai,O
1368,Haye aise!! kaam se kuch nahi hota bhai,H
1369,NAIS PRESENTATION YAAR,O
1370,tujhe sharam nahi aati!! yaar,H
1371,Aray tumhara reply achaah laga yaar,O
1372,Bhai tumeh jaise log hamesha!!! problem banate hain bhai,H
1373,BHAI EXCELLENT WORK :) BROO :),O
1374,Yaar ye sab jhoot hey bhai,H
1375,Bhai tumhara style alag :) hai,O
1376,Yaar tumeh :) jaise logon ki wajah :P se internet kharab haii :) bhai,H
1377,Aray very clean editing :),O
1378,kia faltu insan hy :),H
1379,ARAY YE KIA!!! BAKWAS LOGIC HAI!!! BHAI,H
1380,Mashallah pagal insaan yaar,H
1381,Yaar mashallah naiis work :),O
1382,Yaar clear aur :) easy steps bhai,O
1383,Yaar informative content bro,O
1384,Yaar mujhe ye vidio pasand aaya yaar,O
1385,Haye nice message!! diya bhai,O
1386,Bhai entertaining vidiyo bro,O
1387,Aray acha laga dekh kar bro,O
1388,Yaar naiis try yaar,O
1389,MASHALLAH BILKUL USELESS VIDIYO BRO,H
1390,Mashallah tumhara content inspire kartaaa hai :),O
1391,Haye appreciate :) your effort :),O
1392,Bhai faltu content upload karte rehta hy :),H
1393,Yaar koi sense nahin hai vidiyo mein bhai,H
1394,Mashallah jhoot!! bolta hai tuu bhai,H
1395,ARAY CLEAR AUR EASY STEPS BHAI,O
1396,Bhai tumhara :) sense of humor!!! best hy! bro,O
1397,Yaar sahi kaha tumne!! bro,O
1398,tuu sirf views ke :) liye kar raha haii :P,H
1399,Aray appreciate your :) effort bro,O
1400,Bhai boht useful tips di :),O
1401,Aray samajh nahi aata keaa kar raha haii yaar,H
1402,Bhai pagal sa behaviour dikha raha hai bro,H
1403,Haye ye :) kia bakwas logic! hai bro,H
1404,Mashallah tere comments irrittae karte hain! yaar,H
1405,Bhai tumhara style alag hai :),O
1406,ARAY ASHI KAHA TUMNE BRO,O
1407,NICE TUTORIAL,O
1408,Mashallah dimagh kharab kar dia :) :),H
1409,Bhai faltu harkatein band kar bhai,H
1410,HAYE TUUU SAMJHTA KYAA HAI! APNE :P AAP KO,H
1411,Yaar tum jaise logon ki wajah se internet kharab hey bhai,H
1412,Bhai gandaay jokes mat maar bhai,H
1413,Yaar aise kaam se kuch nai hota :),H
1414,Mashallah kya faltu :) insan hey,H
1415,perfect explanation yaar,O
1416,Haye respect for your hard work bhai,O
1417,YAAR HELPFUL FOR BEGINNERS :),O
1418,ARAY AJEEB BEKAAR BANDA HAI BRO,H
1419,Yaar badtameez aadmi!! yaar,H
1420,Mashallah zyada!!! smart mat ban yaar,H
1421,Aray kuch! bhi bol deta hey :P tu,H
1422,Haye bakwas vidiyo :),H
1423,Haye bakwaas baatein mat kar bro,H
1424,Haye informative content bhai lol,O
1425,Bhai cool vidio yaar,O
1426,bohat informative video hai bhai,O
1427,ARAY APPRECIATE YOUR EFFORT,O
1428,Aray kuch bhi bol deta hai tu yaar,H
1429,HAYE POSITIVE VIBES ONLY :),O
1430,Yaar tumhara content inspire karta hai bhai,O
1431,bhai tum kuch nhi jaanta :),H
1432,Mashallah clear aur easy steps yaar,O
1433,Aray best one on!! this topic :P :),O
1434,Bhai ye sab nafrat failata hai yaar,H
1435,Aray paagl :P insaan :),H
1436,Bhai samajh nahi aata kya kar raha hey,H
1437,Haye great job bro yaar,O
1438,Mashallah tu toh drama queen!! niiiikla,H
1439,Haye informative content yaar,O
1440,Mashallah bhai boht acha video hai bhai,O
1441,tera kontent :) bakwas hai bro,H
1442,Haye naiis message diya bro,O
1443,nice explanation yaar bro,O
1444,Yaar good information di bro,O
1445,Bhai bilkul useless video bhai,H
1446,Haye koi sense nahi hy video mein! :) lol,H
1447,Haye naiis :) explanation yaar bro lol,O
1448,Bhai proud of you bro bro nice,O
1449,Mashallah appreciate your effort yaar,O
1450,Mashallah helpful for beginnesr yaar ok,O
1451,Aray dimagh ka pressure badha diya vidiyo ne :) :) nice,H
1452,Bhai tuu toh pure time waste hai bro,H
1453,Yaar well done,O
1454,pagal :) insaan :),H
1455,Bhai faltu!!! harkatein band kar :),H
1456,koi sense nai hey video mein :) nice,H
1457,bohat inforamtive vdieo hai yaar,O
1458,Aray pagal insaan bro,H
1459,Haye tujhe sharam nhi aati :),H
1460,Aray ye sab nafrat failata hy yaar,H
1461,ARAY TUMHARA CONTENT UNIQUE HEY YAAR,O
1462,Bhai dimagh kharab kar dia bro,H
1463,Mashallah nalayak :) banda bro,H
1464,Bhai informative content :),O
1465,koi sense nahin hai!! vidiyo mein bro,H
1466,Aray well explained bhai,O
1467,Bhai good information di,O
1468,Yaar bhaiii bohot accha video hai,O
1469,Bhai informative kontent nice,O
1470,Yaar bakwas vidiyo bro,H
1471,nice try bro,O
1472,Mashallah entertaining vidiyo bro,O
1473,Bhai great energy bro bro,O
1474,Yaar tujhe sharam nahi aati bhai,H
1475,Haye tumhara sense of :P humor best!!! hai nice,O
1476,Yaar tumhara reply achaah laga haha,O
1477,superb!!! yaar bro,O
1478,Mashallah dil khush kar diya :),O
1479,awesome!! creativity bro,O
1480,Aray informative content yaar,O
1481,appreciate your effort yaar,O
1482,YAAR MASHALLAH!! NICE WORK YAAR,O
1483,Aray samajh nahi aata!!! kya kar raha hai bro,H
1484,Yaar ye sab jhoto hai :),H
1485,Bhai tera accent ajeeb hai bhai lol,H
1486,Mashallah mashallah naiis work :),O
1487,Haye keep it!! up bro,O
1488,Aray bakwas!! editing yaar,H
1489,Yaar simple aur samajhne layak video bhai,O
1490,Bhai aise kaam se kuch nahi hota,H
1491,Aray well done bhai,O
1492,Aray tujhe sharam nahi aati yaar,H
1493,Aray tumhara style alag hai bhai,O
1494,Mashallah entertaining vidiyo :) yaar nice,O
1495,BHAI NAIIS TRY,O
1496,Aray ye sab :) jhoot hai yaar,H
1497,Bhai gr8 energy bro bro,O
1498,wow kyaa baat hai,O
1499,Mashallah ye sab nafrat failata hy :),H
1500,Mashallah clear!! aur easy steps bhai,O
1501,Aray tuu ktina ghatiya inasn hai :P :),H
1502,Bhai tuu toh drama queen nikla,H
1503,Aray aise kaam :) se kuhc nahi hota yaar,H
1504,Bhai ganday jokes! mat maar bro,H
1505,HAYE NICE MESSAGE DIYA,O
1506,Aray clear aur easy steps bhai,O
1507,Aray kuch!! bhi bol deta hai tuu,H
1508,Haye ye keaa bakwas logic haii,H
1509,Mashallah good initiative :),O
1510,ye sab nafrat failata hy yaar,H
1511,Haye tumhara sense of humor best hai :),O
1512,Bhai respect for your hard work :P yaar,O
1513,Haye tujhe sharam :P nahi aati bhai,H
1514,Aray mujhe :P ye vidio pasand aaya :),O
1515,kuch bhi :P bol deta hai tu :),H
1516,Haye dil khush kar diya,O
1517,Haye aise kaam se kuch nahi hota :),H
1518,Yaar shukriya share karne ke liye bhai,O
1519,helpful for beginners,O
1520,Yaar aise kaam se!!! kuch! nahi hota :) bro,H
1521,Aray tumhara style alag hy bro,O
1522,Bhai boht! useful tips di,O
1523,Yaar faltu harkatein band kar :),H
1524,Yaar tumhara :P reply accha :P laga yaar,O
1525,Yaar zyada smart mat ban :),H
1526,Bhai zabardast editing :) lol,O
1527,Yaar acha laga dekh!! kar yaar,O
1528,Yaar tumhara content inspire :) karta hai bhai,O
1529,Aray very clean :) editing,O
1530,Aray koi sense nahi hai video mein :P bhai,H
1531,Haye bhai boht :) accha :) video hai,O
1532,Haye tuu :) toh :) pure time waste haai yaar,H
1533,ARAY HELPFUL FOR BEGINNERS!! BHAI,O
1534,Aray superb yaar yaar ok,O
1535,awaaz irritate karti hy bro,H
1536,Yaar perfect explanation :),O
1537,Yaar mujhe ye vidio pasand aaya,O
1538,Yaar tume :) jaise log hamesha problem banate hain bro,H
1539,faltu harkatein band kar yaar,H
1540,tumhara kontent!!! inspire karta hy,O
1541,Haye cool! video :P bro,O
1542,Haye clear aur easy steps :) :),O
1543,awaaz irritate karti haii yaar,H
1544,Mashallah jhoot! bolta hai tu :),H
1545,Aray faltu time waste bhai,H
1546,Mashallah itna irritating content bhai haha,H
1547,Mashallah maza aagaya dekh!!! kar bro,O
1548,Aray respect for your hard work :) haha,O
1549,Yaar keep posting :),O
1550,Aray achaah laga :P dekh kar bhai,O
1551,Bhai kuch! seeeeekh le :) pehle yaar,H
1552,Aray tuu pagal hai!! kyaa,H
1553,Haye ganday jokes mat!!! maar yaar,H
1554,Haye bakwas video :),H
1555,Haye tujhe sharam nahi aati yaar,H
1556,Aray dimagh kharab :P kar dia,H
1557,MASHALLAH KUCH SEEKH LE PEHLE BRO,H
1558,nice :) message diya bro,O
1559,mashallah nice work bro,O
1560,Haye yaaaaar tume talented! ho yaar,O
1561,Mashallah acha laga dekh kar bro,O
1562,Yaar koi sense nahi hy video mein :),H
1563,Aray boht useful tips di bro,O
1564,Haye gr8 energy!! bro :),O
1565,tujhe sharam nahi aati,H
1566,Aray badtameez! aadmi,H
1567,tera kontent bakwas hy yaar,H
1568,Yaar respect for your hard work :),O
1569,respect for your hard work bro,O
1570,zyada smart mat ban bro,H
1571,Mashallah great job bro :) ok,O
1572,Bhai yaar tuu bohut :) funny hai bhai haha,O
1573,nice presentation!!!,O
1574,Aray sahi akha tumne bhai,O
1575,Yaar very helpful yaar,O
1576,Haye dil khush kar diya yaar ok,O
1577,Haye bakwaas baatein mat kar bhai,H
1578,Haye kuch bhi bol deta hy tuu bro,H
1579,Aray perfect explanation :),O
1580,tumhara :) attitude! pasand nai aaya,H
1581,YAAR YE!! SAB JHOOT HEY BRO,H
1582,Bhai tu samjhta kia hey apne! aap ko bro,H
1583,Yaar tujhe sharam nahi atai :),H
1584,Bhai bakwas video bro,H
1585,well explained bro,O
1586,Bhai kamal ka effort hai yaar,O
1587,Haye diamgh ka pressure badha diya video :P neeee bhai,H
1588,Aray nais explanation yaar bhai nice,O
1589,Bhai respect fooor your hard work bro,O
1590,Haye yaar tume!!! talented ho,O
1591,BHAI UGSSA :) AA GAYA VIDEO DEKH KAR :),H
1592,Aray tum sirf views ke liye :P kar raha hai bro,H
1593,tumhara kontent inspire karta hy :) bro,O
1594,Mashallah bohat informative vidio :P haii bhai ok,O
1595,Mashallah respect for your hard work yaar lol,O
1596,Yaar dil khush kar diya,O
1597,Haye kuch bhi bol deta haii tu bro,H
1598,Mashallah respect :) for your hard work bhai,O
1599,respect for!! your hard work bhai,O
1600,Aray well explained bro,O
1601,Mashallah yaar tume talented :) ho bro,O
1602,Bhai bakwas vidiyo! bhai,H
1603,aise kaam se kuch nahi hota :),H
1604,faltu time waste bro,H
1605,Mashallah tu!! toh drama queen nikla yaar,H
1606,gr8 energy bro!!,O
1607,nice tutorial bhai,O
1608,tu toh pure time waste hai bhai,H
1609,Haye kya faltu insan hai,H
1610,Aray well done bro lol,O
1611,Yaar kamal ka effort haii bro,O
1612,Mashallah tumhara reply :) acha laga bro,O
1613,Aray helpful for beginners bro,O
1614,Yaar good information di,O
1615,Mashallah ekep :) posting bhai,O
1616,Haye proud! of you bro bhai,O
1617,Haye mashallah nais work yaar,O
1618,faltu vidio banai hai bhai,H
1619,Haye good initiative bro,O
1620,dimagh kharab!!! kar dia :),H
1621,Bhai samajh nahi aata kia kar raha hai yaar haha,H
1622,Aray itna irritating :) kontent,H
1623,Aray tere comments irritate karte hain,H
1624,Mashallah wow keaa baat hai yaar,O
1625,Bhai kuch bhi bol deta hai! tu yaar,H
1626,Yaar faltu harkatein band :) kar bro nice,H
1627,Aray tumhara sense of humor best haii,O
1628,BHAI BILKUL USELESS VIDEO,H
1629,gud luck for next project bhai nice,O
1630,Bhai keep posting bhai,O
1631,Bhai gussa aa gaya vidiyo dekh kar bro,H
1632,clear aur easy steps ok,O
1633,Aray superb yaar,O
1634,KYA FALTU INSAN HAI BHAI,H
1635,Bhai ganday jokes! mat maar :P,H
1636,Mashallah bohat informative vidiyo hai :),O
1637,Aray respect for your hard work :) yaar ok,O
1638,Aray ye sab faltu :) kontent hai,H
1639,tu sirf views! ke liye :) kar raha hai,H
1640,Yaar respect for :) your hard work bro,O
1641,Bhai tuu samjhta keaa hey apne aap ko bhai,H
1642,Bhai pagal insaan bhai,H
1643,Aray bakwas video :),H
1644,Aray badtameez aadmi,H
1645,Bhai itna irritating content,H
1646,Mashallah ye kya :) bakwas logic haiiii bhai,H
1647,keep posting bro,O
1648,Aray gussa! aa gaya vidio dekh kar yaar,H
1649,BHAI POSITIVE VIBES ONLY BHAI,O
1650,Bhai tuu! samjhta kyaa hy apne aap ko yaar,H
1651,Haye good infomration di yaar,O
1652,great job bro bro,O
1653,Aray maza aagaya! dekh kar bhai,O
1654,Bhai boht useful itps! di bro ok,O
1655,Haye gussa aa gaya video dekh kar,H
1656,Mashallah sahi kaha tumne bhai,O
1657,Bhai perfect explanation bro,O
1658,Mashallah gussa aa agya video dekh!! kar bro,H
1659,Aray bakawas baatein mat kar,H
1660,Yaar tumhara style alag haii :),O
1661,Yaar tumhaaaara attitude pasand nhai aaya yaar,H
1662,Mashallah maza aagaya!! dekh kar yaar,O
1663,MASHALLAH BADTAMEEZ AADMI BRO bro,H
1664,Mashallah very helpful bro nice,O
1665,Aray bakwas vidiyo bhai,H
1666,Haye bakwaas baatein mat kar bro,H
1667,Bhai nice presentation yaar,O
1668,tumhara!! sense of humor best hai yaar haha,O
1669,YAAR EXCELLENT WORK BRO YAAR,O
1670,Yaar dimagh ka pressure bdaha diya video ne bhai,H
1671,Bhai perfect explanation,O
1672,Bhai ye sab :) anfrat failata hai :) yaar,H
1673,Aray bhaiy! tuu kuch nahin jaanta bhai ok,H
1674,Mashallah kuch seekh le! pehle!! bhai,H
1675,Bhai bhaiy tu kuch nai jaanta,H
1676,koi sense nai hy video mein bhai,H
1677,Mashallah yaar tum bohot funny hai bro,O
1678,Aray keep!!! it up bro,O
1679,Mashallah simple aur samajhne layak vidiyo :),O
1680,Yaar koi sense nai haii!!! video mein :) nice,H
1681,GUSSA :P AA GAYA VIDIYO DEKH KAR BRO lol,H
1682,Aray tera :) content bakwas hai bhai,H
1683,Haye keep! it up bro,O
1684,Haye naiis presentation bhai haha,O
1685,boht useful tips di :),O
1686,Aray dimagh ka :) dahi kar diya yaar,H
1687,Mashallah respect for your hard work :) haha,O
1688,tu toh drama queen nikla yaar,H
1689,Aray ganday jkoes mat maar yaar,H
1690,Bhai faltu time waste yaar,H
1691,Mashallah dimgah ka pressure badha diya video ne bhai,H
1692,Aray positive vibes only,O
1693,Aray tere comments irritate karte :) hain :),H
1694,Mashallah jhoot bolta :P haii tum yaar lol,H
1695,Haye tumhara attitude pasand nai aaya :) yaar,H
1696,Bhai well explained :),O
1697,Bhai awesome creativity :),O
1698,Aray good initiative :),O
1699,Bhai kuch :P bhi bol deta hai tu :),H
1700,Haye bakwaas baatein mat kar bhai,H
1701,Haye ganday jokes mat maar bhai,H
1702,Aray tera content!!! bakwas hai,H
1703,Haye best one on :) this topic yaar,O
1704,Mashallah veri helpful bro,O
1705,Aray tumhara kontent inspire karta hai :),O
1706,Haye yaar tum talented ho bro bro,O
1707,veri helpful,O
1708,tere comments irritate karte hain yaar,H
1709,Bhai great job bro :),O
1710,Aray koi sense nahi hy video mein yaar lol,H
1711,Haye bakwas editing :),H
1712,bohat informative vidiyo hy yaar haha,O
1713,Haye kamal ka effrot :) hey,O
1714,ajeeb bekaar banda hai :) ok,H
1715,Haye tu!! pagal hai :P kia bhai,H
1716,Aray tujhe sharam nahi aati yaar nice,H
1717,Bhai lajawab explanation lol,O
1718,Yaar nalayak banda bro,H
1719,Mashallah kya faltu inasn hy :),H
1720,Aray ye kya bakwas logic haii bhai,H
1721,Haye kuch bhi bol deta hy tu yaar lol,H
1722,tera kontent bakwas hai,H
1723,Yaar tumhara content inspire karta hai bro,O
1724,Aray great job bro lol,O
1725,Yaar keaa faltu insan hai,H
1726,boht useful tips di :),O
1727,Yaar dimagh ka!! dahi kar diya bhai nice,H
1728,Mashallah lajawab :P explanation bro,O
1729,Aray great job bro bro,O
1730,bilkul!! useless vidiyo :),H
1731,Yaar nalayak banda,H
1732,Mashallah great!! energy! bro :P,O
1733,Aray wow kya baat hai,O
1734,Haye tu toh :P pure :P time waste hey :),H
1735,Yaar bakwaas baatein mat kar yaar,H
1736,nice try :),O
1737,Mashallah achaa laga dekh kar yaar,O
1738,MASHALLAH BOHT USEFUL TIPS!! DI YAAR,O
1739,Aray appreciate your effort bhai,O
1740,Haye bro tum kuch nahi jaanta :),H
1741,perfect explanation bro,O
1742,tu :) pagal haii keaa bhai haha,H
1743,ZYADA SMART MAT BAN!!! YAAR,H
1744,nice tutorial yaar,O
1745,wow kya baat haii nice,O
1746,Yaar proud of you bro :) bhai,O
1747,Yaar ghatiya quality bhai,H
1748,Aray helpful for beginners yaar ok,O
1749,Mashallah proud of you broooo :),O
1750,Mashallah wow kya baat hai bhai,O
1751,Aray perfect explanation bhai,O
1752,Aray pagal insaan yaar,H
1753,Haye ye kia bakwas!!! logic hai yaar lol,H
1754,Haye tum pagal hy :) kya!!! :),H
1755,boht accha :) content hey bhai,O
1756,Mashallah awesome creativity bro,O
1757,Mashallah great job bro!!! yaar,O
1758,tum pagal hey kyaa yaar,H
1759,Aray faltu! video banai hai bro,H
1760,Mashallah suuperb yaar,O
1761,Aray tumhara reply acha laga,O
1762,Haye kyaa :P faltu! insan hai!! :),H
1763,Bhai faltu :) harkatein band kar!!! yaar,H
1764,positive vibes!!! only :),O
1765,Yaar sahi :P kaha tumne bro,O
1766,Haye faltu content upload karte rehta hey :),H
1767,Yaar bohat informative vidiyo hey nice,O
1768,Aray superb yaar :) yaar,O
1769,Haye good luck for :) next project bhai,O
1770,BHAI BEST ONE ON!! THIS TOPIC :),O
1771,Mashallah dimagh ka dahi kar diya yaar,H
1772,ARAY TUMHARA CONETNT INSPIRE KARTA HAII :),O
1773,Mashallah bro bahot achaa vidio hai yaar,O
1774,Mashallah nais tuotrial bhai nice,O
1775,Aray sahi kaaaha tumne :),O
1776,Haye tere jaise!! log sab bigad dete hain,H
1777,Mashallah dimagh ka!! daih :) kar diya :) ok,H
1778,Aray superb yaar,O
1779,Aray tumhara style alag hey,O
1780,Bhai ye sab jhoot hai bhai,H
1781,Mashallah gussa aa gaya vidio dekh kar,H
1782,Yaar maza aagaya dekh kar :),O
1783,Aray nice message diya :),O
1784,bilkul useless video :) bro,H
1785,Yaar bohat informative video!! hai,O
1786,Haye bakwas video!! bhai,H
1787,Aray ye :P sab jhoot :) hai,H
1788,Mashallah tere jaise log saaaab biagd dete hain bro nice,H
1789,Yaar tujhe sharam nahin aati :) nice,H
1790,Haye keep it up :),O
1791,Haye tumh!! jaies log hamesha! problem banate :) hain :),H
1792,well done bro,O
1793,HAYE YE SAB FALTU CONTENT :P HAII,H
1794,bakwaas :) baatein mat kar :) bhai,H
1795,Haye pagal sa :) behaviour dikha raha hai yaar,H
1796,bohat mehnat ki hai yaar lol,O
1797,MASHALLAH ITNA :) OVERACTING KYU KARTA HAI BRO nice,H
1798,Yaar tumhara kontent inspire karta hai :) bhai,O
1799,Mashallah shukriya shaer karne ke liye bhai,O
1800,badtameez aadmi :) bro,H
1801,Yaar boht acha content hai :),O
1802,Bhai bohat mehnat!! ki haii bro,O
1803,Mashallah bhaiy tuu kuch nahi jaanta,H
1804,Yaar best one on this topic,O
1805,ARAY EXCELLENT WORK :P BRO :),O
1806,Haye kuch :) seekh le pehle yaar,H
1807,Haye respect for!! your!! ahrd work,O
1808,Bhai zyada! smart mat ban yaar,H
1809,Haye tere comments!! irritate!!! karte ahin :),H
1810,Aray great energy bro bhai,O
1811,Yaar positive vibes only :),O
1812,Bhai dimagh kharab kar dia :),H
1813,Yaar tumeh jaise logon ki wajah se internet! kharab hey yaar,H
1814,Aray keep it up,O
1815,Haye tera content bakwsa hai bro,H
1816,very clean editing bro,O
1817,Mashallah pruod!! of you bro yaar,O
1818,Haye keep posting,O
1819,Haye faltu content upload karte rehta hai yaar lol,H
1820,Yaar very clean editing :) :),O
1821,nais message :) diya yaar ok,O
1822,best one on this topic :) bhai,O
1823,Haye gussa!! aa gaya video dekh kar yaar,H
1824,Yaar mujhe ye vidiyo pasand aaya!!,O
1825,Bhai tumhara style!!! alag hai :) :),O
1826,YAAR TU PAGAL HEY!! KYA,H
1827,Bhai dimagh kharab kar dia yaar,H
1828,Mashallah ye sab nafrat failata hai :) lol,H
1829,Mashallah kuch seekh le pehleee :) bro,H
1830,Bhai kya faltu insan haii yaar,H
1831,Mashallah appreciate your effort! yaar lol,O
1832,Mashallah very clean editing bhai,O
1833,Aray tu sirf views ke liye kar raha hy :),H
1834,Aray yaar!! tum!!! talented ho,O
1835,well done,O
1836,YAAR YE! KYAA BAKWAS LOGIC HEY! :),H
1837,Haye boht acha content hey bhai,O
1838,Yaar tumhara! attitude :) pasand nahi aaya!!!,H
1839,Bhai simple aur samajhne layak :) video bro,O
1840,Bhai yaar tu :) boht!!! funny hy yaar,O
1841,Mashallah tu samjhta kya hey apne aap ko :),H
1842,MASHALLAH CLEAR AUR :) EASY STEPS YAAR,O
1843,Haye tumhara reply achaa laga bhai,O
1844,Haye good! information di bhai,O
1845,Aray pagal insaan :),H
1846,Haye well done haha,O
1847,Haye helpful for beginners bro,O
1848,Mashallah excellent work bro :),O
1849,tera content bakwas hy,H
1850,cool :) vidio bro,O
1851,respect for :) your hard work bhai,O
1852,Haye veri helpful :P :),O
1853,Bhai lajawab explanation :),O
1854,BHAI FALTU HARKATEIN BAND KAR :),H
1855,Haye tujhe sharam nahin aati :),H
1856,Bhai sahi kaha tumne bro,O
1857,Bhai tere jaise log! saaab bigad dete hain bro,H
1858,BHAI TUMHARA CONTENT UNIQUE HAI :),O
1859,Haye badtameez aadmi,H
1860,Aray kuch seekh :) le pehle bro,H
1861,Yaar maza aagaya dekh kar :),O
1862,HAYE ITNA OVERACTING KYU KARTA HEY BRO,H
1863,Haye lajawab explanation :),O
1864,HAYE KEEP POSTING :) nice,O
1865,Bhai tu pagal hai kia,H
1866,Aray well done yaar,O
1867,Haye ganday jokes mat maar bro,H
1868,Yaar good luck for next project bro,O
1869,Yaar sahi kaha tumne!!!,O
1870,Aray tumhara sense of humor best hai bhai,O
1871,Mashallah boht acha content hy,O
1872,wow keaa :P baat!!! hai :),O
1873,Aray tumhaaara reply acha laga :) haha,O
1874,Aray tu samjhta keaa hy apne aap ko yaar,H
1875,Mashallah best one :P on this topic :),O
1876,Aray gussa aa gaya video dekh kar!!! :),H
1877,ARAY TUMHARA KONTENT INSPIRE! KARTA HY,O
1878,Bhai dil khush kar diya bhai,O
1879,Haye tumhara sense of :) humor!!! best hy :),O
1880,Mashallah kuch seekh :P le :P pehle!! bhai,H
1881,Aray nalayak banda,H
1882,Aray bro bohot achaa video hey yaar,O
1883,Mashallah yaar tu bohut funny hy bro,O
1884,Aray faltu harkatein band kar yaar,H
1885,Haye maza aagaya dekh kar bhai,O
1886,Mashallah helpful for beginners bhai bro,O
1887,Aray bakwaas :) baatein mat kar :) yaar,H
1888,Aray awesome creativity,O
1889,MASHALLAH ZYADA SMART MAT BAN YAAR,H
1890,nalayak banda yaar,H
1891,HAYE SHUKRIYA!! SHARE KARNE KE LIYE YAAR,O
1892,Bhai awesome creativity bro,O
1893,keaa faltu isnan hey!!!,H
1894,Bhai kya faltu insan hy bhai nice,H
1895,great :) energy bro bhai,O
1896,Mashallah very clean editing bro lol,O
1897,Yaar tere comments irriatte karte hain :P bhai,H
1898,Mashallah awesome creativity yaar,O
1899,Mashallah bhai tu kuch nai jaanta!! bro ok,H
1900,Mashallah tu samjhta kya hai apne aap ko bhai,H
1901,Yaar tuu toh drama queen nikla!!! bro,H
1902,tum jaise logon ki wajah se internet kharab hai,H
1903,tumhara :) content unique hai yaar,O
1904,tumhara reply acha laga :),O
1905,Haye good information di bro,O
1906,Mashallah kyaa faltu insan haiii bro,H
1907,Haye kya faltu insan hai bro,H
1908,Aray inta overacting kyu :) karta :) haii!!! yaar,H
1909,Mashallah lajawab explanation :),O
1910,itna irritating content bhai,H
1911,Bhai excellent work :) bro :),O
1912,HAYE VERI CLEAN EDITING :),O
1913,Aray gussa aa gaya video dekh kar :) bro nice,H
1914,Haye gussa aa gaya!! video dekh!! kar,H
1915,Yaar bhaiy tuu kuch :) nai ajanta :) :) bro,H
1916,nice presentation bro,O
1917,Yaar badtameez aadmi :P bro bro,H
1918,Yaar koi sense nahi hai vidiyo mein bhai,H
1919,Aray pagal sa behaviour dikha raha hy,H
1920,BHAI BADTAMEEZ AADMI BRO,H
1921,Aray kamal ka effort hy,O
1922,Mashallah kuch bhi bol deta hai!!! tu yaar,H
1923,Mashallah maza aagaya dekh kar!,O
1924,Aray informative content bro lol,O
1925,Bhai bakwas editing yaar,H
1926,Mashallah good information :) di bhai,O
1927,Yaar ghatiya quality bhai,H
1928,TUMHARA CONTENT INSPIRE KARTA :) HEY,O
1929,Yaar mujhe ye vidio pasand aaya bro,O
1930,well done bro haha,O
1931,YAAR TU PAGAL HAI KEAA BRO,H
1932,Bhai entertaining vidio bhai,O
1933,Aray best one :) on this :) topic yaar,O
1934,Bhai veri clean editing bhai,O
1935,Bhai faltu kontent upload karte :) rehta hai bhai,H
1936,Bhai shukriya share akrne ke liye,O
1937,Yaar helpful foooor beginners :),O
1938,Haye very helpful,O
1939,Yaar badtameez aadmi,H
1940,MASHALLAH ITNA OVERACTING KYU KARTA :) HAI BRO,H
1941,Yaar maza aagaya dekh kar :) bro,O
1942,Bhai tera kontent! bakwas hai bro,H
1943,Bhai well explained bhai,O
1944,Aray mashallah nice work :),O
1945,Mashallah faltu content!!! upload karte rehta hey yaar,H
1946,Mashallah positive vibes only bhai,O
1947,Yaar koi sense nhi haii vidio mein :),H
1948,Mashallah tu :) pagal haii kya bro haha,H
1949,Haye informative kontent yaar lol,O
1950,cleaaar aur easy steps bro,O
1951,clear aur easy steps bro,O
1952,Bhai informative kontent yaar,O
1953,Yaar badtameeeeez aadmi! :),H
1954,Haye best one on this topic,O
1955,Yaar tume :) jaise logon ki wajah se internet kharab hai,H
1956,Aray ye sab :) nafrat failata hai yaar,H
1957,Yaar naiis message diya bhai,O
1958,Bhai clear aur easy steps bro bro,O
1959,tum jaise log hamesha problem bnaate hain yaar,H
1960,Aray tera content bakwas haii :),H
1961,Yaar yaar tu bohot funny hai bhai,O
1962,Aray nice tutorial bhai,O
1963,Aray lajawab explanation bhai,O
1964,Yaar aise kaam se kuch nahi :) hota bro,H
1965,bakwas video yaar,H
1966,BHAI AISE KAAM SE KUCH NAHI HOTA BRO,H
1967,Bhai zabardast editing bro,O
1968,dimagh ka pressure badha diya vidiyo ne bro,H
1969,Aray dil khush!!! kar diya yaar,O
1970,HAYE KEAA FALTU INSAN!! HAII :) nice,H
1971,ye sab jhoot hai :),H
1972,MASHALLAH ENTERTAINING VIDIYO YAAR,O
1973,Aray tumhara!! reply acha laga :),O
1974,Mashallah simple aur samajhne layak!! vidiyo :),O
1975,Aray cool video :) bro,O
1976,Mashallah inta overacting kyu karta hai!! bro,H
1977,Yaar proud of you bro yaar,O
1978,MASHALLAH YE SAB FALTU CONTENT HAI BHAI,H
1979,Mashallah faltu harkatein band! kar yaar,H
1980,tumhara attitude pasand nahin aaya :P,H
1981,Haye bakwaas baatein mat kar :) ok,H
1982,Yaar helpful for beginners yaar,O
1983,Haye ajeeb bekaar banda haii yaar,H
1984,tuu kitna ghatiya insan hai!,H
1985,Aray dimagh ka dahi!! kar!! diya :),H
1986,Aray ye sab nafrat failata hey yaar,H
1987,Aray tear accent ajeeb haii,H
1988,Aray helpful for beginners yaar,O
1989,Bhai zaabrdast :P editing bro,O
1990,YAAR SHUKRIYA SHARE KRANE KE LIYE :),O
1991,bakwas!!! editing yaar,H
1992,Bhai bohat mehnat ki hey :),O
1993,good information di bro,O
1994,Bhai tum ajise!!! logon :) ki wajah se internet kharab hai :),H
1995,Aray lajawab explanation bhai,O
1996,Mashallah bilkul useless video bro,H
1997,Bhai kuch bhi :) bol deta hai tu yaar,H
1998,Yaar ye sab jhoot hai ok,H
1999,Haye well done,O
2000,Haye good luck for next project bhai,O
2001,Mashallah ye sab!!! nafrat failata :) hai yaar,H
2002,Mashallah tere :) comments irrittae karte hain yaar,H
2003,tumhara style alag hey ok,O
2004,Haye bhai bohot accha :P video hey!! bhai,O
2005,yaar tum bohot funny :) hai,O
2006,Bhai very helpful bro,O
2007,Mashallah well explained,O
2008,Mashallah itna overacting!! kyu karta haii bhai,H
2009,Yaar tere comments irritate karte hain yaar,H
2010,Aray tumharaa attitude pasand nahi aaya yaar,H
2011,naiis tutorial :),O
2012,Aray proud of you bro yaar,O
2013,Bhai yaar tum talenetd :) ho bhai,O
2014,KUCH BHI BOL DETA HAI TUU BRO,H
2015,Aray ajeeb bekaar badna hai yaar,H
2016,Bhai sahi kaha tumne :),O
2017,Aray nice!!! presentation :) bhai,O
2018,Yaar pagal sa behaviour dikha raha :P hai yaar,H
2019,Yaar nice tutorial haha,O
2020,BHAI PROUD OF YOU BRO BRO,O
2021,Yaar mujheee ye video pasand aaya :),O
2022,good information :) di yaar,O
2023,Haye superb yaar bro,O
2024,koi sense! nahi hai vidiyo mein :P bro haha,H
2025,Mashallah keep it up,O
2026,Aray samajh nahi aata kya! kar raha hy,H
2027,Mashallah ye sab faltu kontent haii bro,H
2028,nice message diya :) bro,O
2029,Mashallah sahi kaha tumne :),O
2030,Yaar tumhara reply achaa laga :),O
2031,Bhai ye kya bakwas logic hai bro,H
2032,tu toh pure time waste hai,H
2033,Aray bro bahot :P acha vidiyo hai bhai,O
2034,Yaar ye sab nafrat :) failata hai yaar,H
2035,Aray tumhara attitude pasand nhi aaya bro,H
2036,Haye simple aur samajhne layak video bro,O
2037,paaaagal sa behaivour!!! dikha raha haii :) bhai,H
2038,Yaar tumhara :P content inspire karta hai bhai,O
2039,Aray tum sirf views ke liye kar raha hy bro,H
2040,BHAI YE SAB JHOOT HAI YAAR,H
2041,kuch bhi bol deta haii tuu bro haha,H
2042,Haye awaaz irritate karti haii yaar,H
2043,entertaining video bro,O
2044,Yaar excellent :) work bro :),O
2045,Aray gussa aa gaya!! vdieo dekh!!! kar bro,H
2046,ajeeb bekaar!!! banda hey bhai,H
2047,Aray pagal insaan :) yaar,H
2048,Yaar tumhara content unique hy bro,O
2049,YAAR TERA!! CONTENT BAKWAS HY :) BHAI,H
2050,Bhai itna irritating content yaar,H
2051,Aray dimagh :) kharab kar dia bhai bro,H
2052,Mashallah itna irritating content :),H
2053,Haye kamal ka effort haii bhai,O
2054,nice explanation yaar bro,O
2055,ugssa aa gaya vidio dekh kar bhai,H
2056,bakwas editing yaar haha,H
2057,ARAY VERI CLEAN EDITING BHAI,O
2058,Yaar tuu toh pure time waste hai,H
2059,Bhai well explained yaar,O
2060,Haye tumhara conetnt :) unique hey! :),O
2061,Bhai nais try yaar,O
2062,Bhai awaaz irritate karti hy yaar,H
2063,Mashallah bhai tum kuch nahin :) jaanta!!! bro,H
2064,gussa aa :) gaya video dekh kar bhai,H
2065,tuu toh prue time waste hai bhai bro,H
2066,BHAI PAGAL INSAAN :),H
2067,Yaar dimagh kharab kar dia yaar,H
2068,Bhai faltu vidiyo! banai hai yaar,H
2069,Yaar dimagh kharab kar!!! dia bro,H
2070,Haye pagal insaan yaar,H
2071,Aray keep posting,O
2072,YAAR ITNA OVERACTING KYU KARTA HY BRO,H
2073,Mashallah boht useful tips di :),O
2074,Haye tu samjhta kyaa hey apne aap! ko :),H
2075,Haye laajwab explanation :) ok,O
2076,Bhai nice!! message diya :),O
2077,Mashallah faltu!!! harkatein band kar :) bro,H
2078,Haye good information di :),O
2079,Haye mujhe ye vidio!! pasand aaya yaar,O
2080,badtameez aadmi bhai,H
2081,Mashallah tu toh drama queen nikla yaar bro,H
2082,Aray proud of you bro! yaar ok,O
2083,YAAR DIMAGH! KA DAHI KAR DIYA BRO,H
2084,tujhe sharam :) nhi aati bhai,H
2085,Bhai tumhara kontent inspire karta haii yaar,O
2086,Bhai mujhe ye vidio pasand aaya :),O
2087,Yaar positive ivbes only bro,O
2088,YAAR ZYADA :) SMART MAT BAN BRO,H
2089,Aray itna overacting kyu karat hy :),H
2090,bohat mehnat ki haii nice,O
2091,YAAR INFORMATIVE CONTENT :) lol,O
2092,Bhai tu samjhta kya hai apne aap ko bhai,H
2093,Bhai well explained bro nice,O
2094,ARAY TERA CONTENT BAKWAS HAI! BRO,H
2095,Haye boht useful tips!!! di! bhai,O
2096,bhai tu kuch nahi jaanta haha,H
2097,Yaar badtameez aadmi bro,H
2098,MASHALLAH DIMAGH KA DAHI KAR DIYA,H
2099,bohat mehnat ki hai :),O
2100,Haye ye keaa :) bakwas logic hy :),H
2101,Aray bohat mehnat ki hy,O
2102,Haye tumhara style! alag hey bhai,O
2103,Mashallah yeee sab faltu content hai :),H
2104,Aray perfect explanation bro,O
2105,Yaar awaaz irritate karti hey bhai,H
2106,Mashallah samajh nahi aata kya!! kar raha haii yaar,H
2107,faltu harkatein band kar :),H
2108,Haye dimagh ka dahi kar!! diya :),H
2109,TU KITNA GHATIYA INSAN :) HAI BHAI,H
2110,tuu kitna ghatiya insan! hy!! bro,H
2111,Bhai bakwas editing yaar,H
2112,Bhai faltu video banai!! hey yaar,H
2113,Aray tumhara style alag! hey bro,O
2114,ARAY TUMAHRA CONTENT UNIQUE HAI :) BHAI,O
2115,itna overacting kyu karta hai,H
2116,Bhai clear aur easy steps :),O
2117,Haye very helpful :),O
2118,HAYE KUCH BHI BOL DETA HAI TU BHAI lol,H
2119,Aray good :P initiative bhai,O
2120,Mashallah wow kya baat hai,O
2121,Bhai bakwaas baatein mat kar bhai,H
2122,faltu video banai hey bhai,H
2123,Yaar very lcean editing bhai,O
2124,Bhai perfect explanation bhai,O
2125,Yaar nice try bro,O
2126,Mashallah sahi kaha tumne :),O
2127,Haye bhai :) bohut acha video haii :) bro bro,O
2128,Bhai ganday jokes mat maar,H
2129,Yaar tum kitna ghatiya insan hai!!! yaar,H
2130,Yaar zyada smatr mat ban :),H
2131,Haye shukriya share :P karne ke liye yaar,O
2132,Haye great energy bro bhai,O
2133,Haye mzaa aagaya dekh kar :) nice,O
2134,Bhai gussa aa gaya vidio dekh kar,H
2135,Bhai lajawab explanation :P :),O
2136,Haye faltu time waste bro,H
2137,Bhai kuch bhi bol deta hey tu :),H
2138,Mashallah tumhara reply acha laga yaar,O
2139,Aray tu toh drama queen nikla yaar,H
2140,Haye bhai booht achaa video hai bhai,O
2141,Bhai dimagh ka dahi kar! diya :),H
2142,Haye nalayak banda bro,H
2143,Aray positive vibes only,O
2144,ARAY POSITIVE VIBES ONYL BHAI,O
2145,Aray dil khush :) kar diya :) :),O
2146,Mashallah gussa aa :) gaya!! video dekh kar bro,H
2147,Haye entertaining video,O
2148,Mashallah jhoot bolta!!! hai!! tuu bro,H
2149,Yaar badtameez aadmi :),H
2150,Mashallah tumhara content unique hai :) ok,O
2151,Yaar well explained!!! bro,O
2152,Yaar boht :) acha content hy bhai,O
2153,HAYE NAIS TRY BHAI,O
2154,Bhai tumhara sense of humor beeeest!! hai,O
2155,Aray tera accent ajeeb! hai yaar,H
2156,Bhai helpful for beginners bhai,O
2157,Yaar keep it :) up,O
2158,bilkul useless :) vidio :),H
2159,tu samjhta kya hey apne aap ko bhai bro,H
2160,Bhai respect for your haaard work :),O
2161,dimagh ka dahi kar diya :),H
2162,Haye zabardast editing,O
2163,GOOD INITIATIVE :),O
2164,Yaar well :P done! yaar,O
2165,HAYE FALTU HARKATEIN BNAD KAR,H
2166,Bhai faltu time waste!! yaar,H
2167,Aray ajeeb bekaar banda hey bro,H
2168,BHAI MAZA! AAGAYA DEKH KAR :),O
2169,Aray wow kya baat hy :) bro,O
2170,Aray itna irritating content bro,H
2171,Yaar nice presentaiton bro,O
2172,perfect explanation :) nice,O
2173,Haye excellent work bro bro,O
2174,Aray naiis!!! explanation yaar :),O
2175,Aray jhoot bolta haii tuu,H
2176,Bhai bilkul useless vidio bhai,H
2177,Mashallah yaar tum! talented ho :),O
2178,YAAR PROUD OF YOU :P BRO BRO,O
2179,Haye tu samjhta kyaa haii apne aap ko!!! yaar,H
2180,Mashallah tumeh jaise logon ki wajah se internet kharab hey :P bhai lol,H
2181,Haye bakwaas baatein mat kar bhai,H
2182,Bhai keep it up bro,O
2183,Aray respect for your :) hard work :),O
2184,Haye gussa aa gaya vidio dekh kar yaar,H
2185,ye sab nafrat failata hey!!! bhai,H
2186,koi sense nahi hai video mein! bro,H
2187,YAAR POSITIVE VIBES ONLY,O
2188,Aray yaar tuu bohot funny hai :),O
2189,Mashallah helpful for beginners yaar,O
2190,Aray good information di bhai,O
2191,MUJHE :P YE VIDIYO PASAND AAYA YAAR lol,O
2192,ARAY YE SAB JHOOT HAI BRO,H
2193,Mashallah bohat informative video hey yaar,O
2194,Yaar tuu toh pure time waste hai :) bro,H
2195,Aray tume jaise log hamesha problem banate hain yaar,H
2196,Haye gussa aa gaya vidiyo :P dekh kar :) haha,H
2197,Haye helpful for beginners :),O
2198,bhai bohot acha vidiyo hey yaar,O
2199,Mashallah great job bro bro,O
2200,Yaar itna overacting kyu karta hai!!! :),H
2201,Mashallah superb yaar :),O
2202,Mashallah bakwas :P video bhai,H
2203,good luck for next proejct :),O
2204,tumhara sense of humor best! hey bro,O
2205,Haye entertaining!!! video yaar,O
2206,ARAY WOW KEAA BAAT HAII BHAI,O
2207,Aray wow kya!! baat haii :) :),O
2208,Bhai tujhe sharam nai :) aati bro,H
2209,BHAI TERA CONTENT BAKWAS HY YAAR,H
2210,Mashallah kamal ka effort hey yaar lol,O
2211,Aray gr8 job bro :),O
2212,positive vibes only bhai,O
2213,Yaar ye sab jhoot hai bhai,H
2214,Bhai tere jaise log :) sab bigad dete hain yaar,H
2215,Mashallah faltu harkatein band kar :),H
2216,Yaar superb :P yaar :),O
2217,Bhai tu toh pure time waste hai yaar,H
2218,Yaar faltu video banai hy bhai lol,H
2219,Haye bhai tu kuch nahi jaanta,H
2220,Bhai pagal sa behaviour dikha raha hai bhai,H
2221,Aray good initiative bhai,O
2222,Haye gussa aa!!! gaya video dekh kar,H
2223,Haye tumhara sense of :) humor best! hai bhai,O
2224,Haye great job :P bro yaar,O
2225,RESPECT FOR YOUR :P HARD WOOOORK,O
2226,Yaar ganday!!! jokes mat! maar bro,H
2227,Yaar bhai bohot acha video hai :),O
2228,Bhai bakwas editing :) :),H
2229,Bhai nice try :),O
2230,Haye ye sab jhoot hai bro,H
2231,Aray ajeeb bekaar banda hai bro,H
2232,tera accent ajeeb hai :P bro,H
2233,Bhai dimagh ka pressure badha diya video ne bro,H
2234,Mashallah kuch seekh le :P pehleee bro nice,H
2235,Haye tumhara kontent unique hy bro,O
2236,Aray best one on :) this :) topic yaar,O
2237,Yaar kya :) faltu insan :) hai bro,H
2238,Haye mujhe!! ye video pasand aaya :),O
2239,Aray perfect :) explanation,O
2240,Mashallah yaar tum talented hooo bro,O
2241,Yaar positive vibes :P only bro lol,O
2242,Aray tu pgaal hy keaa bhai,H
2243,Yaar shukriya share :) karne ke liye,O
2244,Aray tume jaise logon!!! ki wajah se internet kharab hai bhai,H
2245,Yaar jhoot bolta hai :) tum bhai,H
2246,Yaar informative content yaar,O
2247,Haye faltu content uplaod karte rehta haii :P yaar,H
2248,Yaar faltu video banai hai :) bhai,H
2249,Aray yaar tuu bohot funny hey :) bhai,O
2250,Haye nice presentation :),O
2251,Bhai zabardast editing bro,O
2252,Aray tu kitna ghatiya insan haii bhai,H
2253,informative content yaar,O
2254,MASHALLAH TU SAMJHTA KYA HAI APNE AAP KO BHAI,H
2255,tujhe sharam!!! nai aati,H
2256,Haye dil khush kar diya :),O
2257,Haye positive :P vibes only bhai,O
2258,Mashallah dimagh ka pressure badha!!! diya video ne,H
2259,Aray nalayak banda bhai,H
2260,Aray tu kitna ghatiya insan haii! yaar,H
2261,Aray tumhara content unique hai,O
2262,Aray superb!!! yaar!!! :) haha,O
2263,very helpful,O
2264,Bhai gussa aa gaya video dekh kar,H
2265,Yaar proud!! of you bro,O
2266,keep it up :),O
2267,Yaar badtameez aadmi,H
2268,Mashallah dimagh ka pressure badha diya video ne yaar ok,H
2269,Haye mujhe ye vidiyo pasand aaya haha,O
2270,Yaar tumhara sense of humor best hai bhai,O
2271,Yaar tu samjhta kya hy apne aap ko,H
2272,Yaar ye sab jhoot hy!!! bro,H
2273,entertaining vidiyo bhai,O
2274,Haye kamal ka effort hai,O
2275,Aray faltu harkatein band kar,H
2276,Yaar clear!! aur easy steps yaar,O
2277,Haye tumhara attitude!!! pasand nai aaya :) bro,H
2278,FALTU TIME WASTE BRO,H
2279,Yaar mashallah nice work bro,O
2280,ajeeb bekaar banda!! hai :),H
2281,Yaar nais tutorial :),O
2282,Bhai ajeeb!!! bekaar banda haii,H
2283,nice try :),O
2284,ganday :) jokes mat maar bhai,H
2285,Bhai acha laga dekh kar bhai,O
2286,gussa! aa gaya vidiyo dekh kar :),H
2287,Mashallah bohat informative video :) hai nice,O
2288,Mashallah dimagh ka pressure badha diya :) video ne :),H
2289,Aray ye kyaa bakwas logic hey yaar,H
2290,tera accent ajeeb haii yaar,H
2291,dil khush kar diya yaar,O
2292,Bhai tera accent ajeeb hey yaar nice,H
2293,Yaar wow kya!!! baat hy bro,O
2294,Yaar sahi kaha tuuuumne yaar haha,O
2295,Bhai badtameez aadmi bhai,H
2296,Aray yaar tumh talented ho bro,O
2297,Haye awesome creativity bro,O
2298,Aray good initiative!! :),O
2299,Bhai dimagh kharab kar :P dia :) :),H
2300,Yaar kya :) faltu insan hai,H
2301,Yaar koi sense! nahin hy!!! video mein,H
2302,Bhai tera :) accent ajeeb :) hai :P bhai,H
2303,Bhai awesome creativity!!! :),O
2304,Aray acha! laga dekh kar,O
2305,Haye tumhara reply acha laga,O
2306,Bhai dil :P khush kar diya!!! bro,O
2307,Haye nalayak abnda :),H
2308,YAAR TUM TALENTED HO :),O
2309,Yaar simple aur samajhne layak video,O
2310,Bhai entertaining vidiyo :) nice,O
2311,Yaar bakwas video!,H
2312,Aray tum toh drama!!! queen nikla bhai bro,H
2313,Bhai sahi kaha tumne!!,O
2314,Yaar bhai tu kuch nhi jaanta,H
2315,Bhai dimagh ka pressure badha diya video ne :) yaar,H
2316,Mashallah gussa aa gaya video :) dekh kar,H
2317,kuch seekh le pehle!! yaar,H
2318,Mashallah ye kya bakwas logic haii yaar,H
2319,Mashallah badtameez aadmi yaar,H
2320,Aray bhai tu kuch nahin jaanta bhai,H
2321,Mashallah kamal :) ka eeeffort hai :),O
2322,Haye tuu kitna ghatiya insan hai yaar,H
2323,Bhai cool video :),O
2324,BHAI DIMAGH!! KA DAHI KAR DIYA BHAI,H
2325,Yaar boht acha content hai,O
2326,Bhai helpful for beginners yaar,O
2327,MASHALLAH TUM JAISE LOGON! KI WAJAH SE INTERNET KHARAB HAII,H
2328,bakwaas baatein!! mat kar bhai,H
2329,Haye faltu time waste bhai,H
2330,Haye keep it up bhai,O
2331,Haye tum jaise log hamesha problem banate hain :) bro,H
2332,tu kinta ghatiya :) insan :) hai :),H
2333,Haye simple aur samajhne layak video yaar,O
2334,Haye appreciate your effort yaar,O
2335,Yaar dil khush kar diya :),O
2336,Haye tuu samjhta kya haii apne aap ko :) yaar,H
2337,Haye dimagh ka dahi kar diya,H
2338,Bhai dimagh ka dahi kar dyia :) bhai,H
2339,Mashallah wow keaa baat hai :),O
2340,Bhai tujhe sharam nahi aati,H
2341,Yaar proud of you bro bro,O
2342,Bhai ajeeb bekaar banda hey nice,H
2343,Aray faltu time waste yaar,H
2344,bohat informative video :P hai yaar nice,O
2345,Yaar good information di :),O
2346,Mashallah proud of you bro yaar,O
2347,Yaar keep it up,O
2348,Yaar koi sense nai hai :) vidiyo :) mein bhai,H
2349,itan irritating content yaar,H
2350,Mashallah tume jaise log hamesha :P problem! bnaate hain bro,H
2351,Haye sahi kaha tumne yaar,O
2352,shukriya share karne ke liye,O
2353,Yaar faltu time!!! waste bhai,H
2354,HAYE BHAI TUM KUCH NAHI JAANTA YAAR,H
2355,Mashallah tu!!! kitna ghatiya insan hai :),H
2356,Haye kya faltu insan hai :),H
2357,Mashallah pagal :) sa behaviour dikha raha hai bhai,H
2358,awaaz irritate karti hai bro,H
2359,Aray bhai bahot acha video hai :),O
2360,Bhai bakwaaaas video yaar,H
2361,SAMAJH! NAHI :P ATAA KYA KAR RAHA HEY BRO,H
2362,Mashallah kamal!!! ka effoooort hai yaar,O
2363,Mashallah yaar tu bohot funny! hai :P bro,O
2364,Yaar ghatiya quality bhai,H
2365,well done :) bro,O
2366,boht useful tips di bhai,O
2367,Aray faltu video banai hai bro,H
2368,Bhai boht achaah :) content hai bro haha,O
2369,MASHALLAH EXCELLENT WORK BRO YAAR,O
2370,Haye nalayak banda bhai,H
2371,Yaar ye kya bakwsa logic :P hai!! bro,H
2372,Haye well done :) haha,O
2373,Aray bakwas editing :),H
2374,Aray appreciate your!!! effort,O
2375,Yaar tumhara content inspire akrta :) hy bro,O
2376,Aray bhai tu kuch nai jaanta,H
2377,Mashallah tumhara sense of humor best haii yaar,O
2378,Bhai tuu kitna ghatiya insan haii,H
2379,tera accent ajeeb hai yaar,H
2380,Yaar very helpful bhai,O
2381,Aray tumh jaise logon ki wajah se internet kharab hey yaar,H
2382,Yaar tu pagal hey keaa :) nice,H
2383,Bhai aaacha laga dekh kar,O
2384,Haye good information di :),O
2385,Yaar perfect explanation yaar haha,O
2386,Bhai cool!!! video bro,O
2387,Yaar tuu sirf views!! kee liye kar raah hai :),H
2388,Bhai aise kaam se kuch nahi hota :),H
2389,Aray respect for your!! hard work :),O
2390,Yaar tera accent ajeeb hai :) yaar,H
2391,Mashallah inta irritating kontent yaar,H
2392,boht useful tips di :),O
2393,Yaar nalayak banda :P :),H
2394,tumhara style alag hai bro,O
2395,Aray ganday jokes mat mara :) bhai haha,H
2396,Haye nalayak banda :) :),H
2397,ARAY POSITIVE VIBES ONLY! YAAR,O
2398,Bhai mujhe!! ye video pasand aaya,O
2399,Aray shukriya share karne ke liye bhai,O
2400,Bhai tere comments riritate kaaarte hain yaar lol,H
2401,tumhara sense of humor best hy bhai,O
2402,Yaar nice presentation bhai,O
2403,YAAR SHUKRIYA SHARE KARNE KE LIYE BRO,O
2404,Haye bilkul uuuseless video bhai,H
2405,Mashallah zyada smart :P mat ban :),H
2406,MASHALLAH TERA ACCENT AJEEB HY,H
2407,Mashallah ye kyaa bakwas logic hai bro,H
2408,Mashallah positive vibes only bro,O
2409,tu pagal! hai kya,H
2410,Mashallah keep it up!! bhai haha,O
2411,Yaar ye sab faltu kontent hey haha,H
2412,nice explanation yaar yaar,O
2413,BHAI YE SAB FALTU CONTENT HAI BHAI,H
2414,Haye aise kaam :) se kuch nahin hota :),H
2415,Yaar faltu video banai haii yaar,H
2416,Mashallah tum toh pure time waste hai bro,H
2417,ARAY YE KEAA BAKWAS LOGIC HAI,H
2418,Mashallah yaar tum bohut funny haii,O
2419,Aray gussa aa gaya video dekh :P kar,H
2420,tuu sirf views ke liye kar raha hey yaar,H
2421,faltu :) video banai haii bro,H
2422,Haye faltu video banai!! hai,H
2423,HAYE WOW KYA BAAT HEY BHAI,O
2424,Mashallah tum jaise log hamesha problem banate hain bhai lol,H
2425,Aray tumh jaise log hamesha problem banate hain yaar,H
2426,HAYE CLEAR AUR EASY STEPS YAAR,O
2427,Haye dimagh kharab kar dia,H
2428,Yaar dimagh ka pressure badha diya video!! ne yaar,H
2429,Yaar helpful for beginners yaar,O
2430,Yaar nice tutorial bhai,O
2431,Mashallah keep it up,O
2432,Haye aise kaam se kuch! nahi hota,H
2433,Yaar faltu harkatein band kar,H
2434,respect for your hard! wrok bro,O
2435,Yaar accha laga dekh kar bro ok,O
2436,kuch seekh!! le pehle yaar,H
2437,Yaar entertaining vidio yaar,O
2438,YAAR BAKWAS VIDEO,H
2439,nalayak banda :),H
2440,Mashallah gr8 :) energy bro bro,O
2441,Mashallah tumhara relpy achaah :) laga!!! bro,O
2442,Haye bohat informative vidio hy bhai,O
2443,Yaar maza!! aagaya dekh kar :) haha,O
2444,Yaar bakwas video :) bro,H
2445,naiis tutorial :),O
2446,Mashallah tera kontent :) bakwas hai :) bro,H
2447,HAYE GREAT JOB BRO haha,O
2448,Aray tera accent ajeeb haiii,H
2449,Yaar tuu :) toh pure time waste :P hai yaar,H
2450,Aray wow :) kia baat hey bro,O
2451,Aray tum toh puer time waste haii :),H
2452,Bhai tumhara!! attitude pasand!!! nahi aaya bro,H
2453,ARAY BAKWAAS BAATEIN MAT KAR :),H
2454,Bhai keep it up bhai,O
2455,Haye keep posting yaar,O
2456,Bhai bakwas editing :) ok,H
2457,Haye nais try bhai,O
2458,Mashallah jhoot bolta hy tu bro ok,H
2459,yaar tumeh talented ho :),O
2460,Bhai bakwaas :P baatein mat kar bhai,H
2461,Haye clear aur easy steps,O
2462,Yaar tera accent ajeeb hy bhai lol,H
2463,ye sab!!! jhoot hai,H
2464,Bhai itna overacting kyu karta hai bhai,H
2465,Mashallah bakwaas baatein mat kar :),H
2466,Aray mashallah nice work :),O
2467,ARAY DIMAGH!! KA :) DHAI KAR DIYA,H
2468,best one!!! on this topic bro,O
2469,tera :) kontent bakwas hey haha,H
2470,Yaar ajeeb bekaar banda :) hey,H
2471,Yaar keaa faltu insan hy bhai,H
2472,Bhai itna :P overacting kyu! karta haii :) haha,H
2473,Yaar kya faltu insan hey haha,H
2474,Mashallah tumhara sense of humoor! best hai :),O
2475,tumhara sense of humor best hai! yaar,O
2476,Bhai informative kontent bro,O
2477,Aray dimagh kharab kar dia :),H
2478,Mashallah appreciate your effort,O
2479,Mashallah tu samjhta kya hey apne aap ko bhai,H
2480,Aray tuu pagal haii kyaa,H
2481,tu samjhta :P kya hai!! apne aap ko bhai,H
2482,BHAI AWESOME CREATIVITY,O
2483,Bhai bakwas video,H
2484,Bhai tumeh :) jaise log hamesha problem banate hain bro,H
2485,Yaar dimagh :) ka pressure badha diya :) video ne! yaar,H
2486,Yaar yaar tum :P talented ho :),O
2487,Aray tujhe sharam nahi aati yaar,H
2488,Bhai bakwas editing bro,H
2489,Aray bhai tuu kuch nahi jaanta yaar,H
2490,yaar tu bohot funny hy :),O
2491,Aray ye sab nafrat failata hey :),H
2492,Haye lajawab :) explanation :) bro nice,O
2493,Aray maza aagaya dekh kaaar yaar,O
2494,Mashallah itna overacting kyu karta hy bro bro,H
2495,Bhai clear aur easy steps :),O
2496,tu pagal hai kia,H
2497,Bhai kya faltu insan hai nice,H
2498,Aray koi sense nahi hai video mein bro,H
2499,ARAY INFORMATIVE KONTENT :) haha,O
2500,tu kitna ghatiya insan!! hai bro,H
2501,zyada smart mat ban yaar,H
2502,ARAY SAHI KAHA TUMNE YAAR,O
2503,Mashallah tumahra style alag hy ok,O
2504,Yaar tum jaise!!! log hamesha problem banate hain bhai,H
2505,Haye pagal insaan yaar,H
2506,Mashallah bro tu kuch nahin jaanta :),H
2507,Haye excellent!!! work bro,O
2508,Bhai tere jaise log sab bigad dete hain yaar,H
2509,Bhai faltu time waste bro,H
2510,kuch seekh :) le pehle,H
2511,MASHALLAH YE :) SAB JHOOT HAI YAAR,H
2512,Haye tere :) jaise log :) sab biagd dete hain :),H
2513,Haye shuuukriya!! share karne ke! liye bhai,O
2514,badtameez aadmi yaar,H
2515,Yaar pagal insaan bro,H
2516,Aray keep posting!!!,O
2517,Yaar tumeh jaise log hamesha problem :) banate hain bhai,H
2518,Bhai tumhara content unique hai :) yaar,O
2519,Yaar shukriya share karne ke!!! liye yaar,O
2520,Haye pagal sa behaviour dikha :P raha hai bro,H
2521,kamal ka effort hey bhai,O
2522,tere jaise log sab!! bigad dete hain,H
2523,Bhai yaar tu bohot :P funny haii bhai,O
2524,Bhai lajawab explanation yaar,O
2525,Bhai kamal ka effort hai :),O
2526,Mashallah zyada smart mat ban bhai,H
2527,Yaar gandya jokes mat maar yaar,H
2528,Bhai ye!!! sab jhoot hey,H
2529,Haye mujhe :) ye video pasand aaya :),O
2530,bakwas editing bro,H
2531,Aray respect for your! hard!! work :),O
2532,Aray keep posting yaar lol,O
2533,Bhai gussa aa gaya video dekh kar :),H
2534,tume jaise lgoon ki wajah se internet kharab hai bro,H
2535,MASHALLAH SAMAJH NAHIN ATAA KYA KAR RAHA HEY BRO,H
2536,Haye opsitive vibes only yaar ok,O
2537,Yaar koi sense nhi hai vidio meni bhai,H
2538,ARAY PAGAL INSAAN :),H
2539,Bhai nice mesasge :) diya,O
2540,informative content bro,O
2541,Bhai mujhe ye video pasand aaya yaar,O
2542,Yaar ye sab faltu content hy lol,H
2543,great energy bro :P yaar,O
2544,YAAR FALTU TIME WASTE BRO,H
2545,MASHALLAH GOOD INFORMATION DI :) YAAR,O
2546,Mashallah nais!!! presentation bhai,O
2547,tu sirf views :P ke ilye kar raha hey bhai,H
2548,Yaar boht!!! useful tips di yaar,O
2549,bohat informative video haii :) bro,O
2550,Haye ye sab jhoooot!! haii bhai,H
2551,Bhai tum toh pure time waste hai bro,H
2552,Bhai very clean editing bro,O
2553,Aray tere comments irritate karte hain :),H
2554,Bhai ye sab nafrat failata hai bhai,H
2555,Yaar faltu video banai hai bro,H
2556,Mashallah tumhara reply acha laga :P,O
2557,HAYE BAKWAAS BAATEIN! MAT KAR BRO,H
2558,Bhai zyada :P smart mat :) ban yaar,H
2559,Haye tu! sirf ivews ke liye!!! kar raha :P hai yaar bro,H
2560,Bhai boht useful tips di bhai,O
2561,Aray tumhara style alag :P hy yaar haha,O
2562,YAAR TUMHARA!! CONTENT UNIQUE HAI YAAR,O
2563,MASHALLAH JHOOT OBLTA HAI! TUM BHAI,H
2564,itna irritating content bhai,H
2565,naiis presentation yaar,O
2566,Yaar gud information di yaar,O
2567,Aray tina :P overacting kyu karta hey :),H
2568,GREAT JOB! BRO :),O
2569,Mashallah shukriya share karne ke :) liye yaar,O
2570,tuu!!! toh drama queen nikla bhai haha,H
2571,Aray itna overacting kyu karta haii yaar,H
2572,Aray kuch bhi bol deta hai tu,H
2573,tum sirf views ke liyeeee kar raha hai bhai,H
2574,Haye tumhara reply acha laga bro,O
2575,Haye good information! di,O
2576,Mashallah bakwas video bro,H
2577,Haye simple aur!! samajhne layak vidiyo :),O
2578,Aray lajawab explanation,O
2579,Yaar bilkul useless vidio bhai ok,H
2580,Haye bakwaas baatein :P mat kar bro lol,H
2581,Bhai nais try yaar,O
2582,Bhai excellent work bro yaar,O
2583,tumeh jaise logon ki :) wajah se internet :) kharab hai :) bhai,H
2584,Haye superb yaar bro,O
2585,Mashallah sahi kaaaaha tumne bro,O
2586,Haye zyada smart mat ban yaar,H
2587,Haye ye sab nafrat failata hai bro,H
2588,Yaar bakwas video bro,H
2589,Haye tera acceeeent ajeeb hai,H
2590,clear aur easy steps yaar,O
2591,Aray dimagh ka dahi kar diya :),H
2592,Mashallah dimagh kharba kar dia bhai,H
2593,Bhai bawkas :P vidio,H
2594,Aray dimagh ka pressure!! badha diya vidio ne yaar,H
2595,Haye gussa aa gaya vidio dekh kar :),H
2596,Yaar keep posting,O
2597,Yaar bohat mehnat!!! ki haii bro,O
2598,Haye keep postign bhai,O
2599,Yaar positive vibes only :),O
2600,Haye nais tutorial yaar lol,O
2601,Yaar coool video,O
2602,Aray tu :) toh drama! queen nikla :),H
2603,Mashallah wow kyaa baat hy bhai,O
2604,Haye dil khush :) kar diya yaar,O
2605,Mashallah tum kitna ghatiya insan hai bhai,H
2606,Bhai appreciate your effort bhai,O
2607,keep it up yaar,O
2608,Haye wow kyaa baat hey!!,O
2609,Bhai jhoot bolta hy tuu bro,H
2610,Aray pagal!!! insaan,H
2611,ajeeb bekaar banda hy bro,H
2612,Haye excellent work bro bhai,O
2613,Bhai tumhara contetn :) inspire karta hai :),O
2614,BHAI BRO :) BOHOT ACHA VIDEO :) HAI BHAI,O
2615,Aray mashallah nice work bhai,O
2616,Aray pagal insaan bro,H
2617,Mashallah tumhara content unique hy bhai,O
2618,tumhara!! reply :) acha laga yaar,O
2619,Yaar kya faltu insan!!! hey yaar bro,H
2620,Haye tumhara! kontent inspier karta hey!,O
2621,Bhai ye kia bakwas logic!! hai :),H
2622,Mashallah kya faltu insan hai :),H
2623,Aray lajawab explanation :),O
2624,Yaar bohat :) informative video hy :),O
2625,Mashallah great :) job bro bhai,O
2626,Bhai respect for your!!! hard work bhai,O
2627,Mashallah lajawab explanation :),O
2628,Haye tum toh pure time waste hai :),H
2629,Yaar excellent work bro yaar,O
2630,KUCH SEEKH LE :P PEHLE BHAI,H
2631,Yaar faltu time waste!! :),H
2632,Yaar jhoot bolta hai tu :),H
2633,Mashallah tuu kitna!! ghatiya insan hai :),H
2634,Mashallah bakwaas baatein mat! kar :) bro,H
2635,Yaar awaaz irritate karti hai bro,H
2636,Yaar respect :P for your hard work yaar,O
2637,Bhai good information di :),O
2638,Bhai best one on!!! this topic :),O
2639,Aray bohat informative video hai bhai,O
2640,Bhai cool vidio bro,O
2641,positive vibes only yaar,O
2642,Haye ghatiya quality :),H
2643,Yaar entertaining vidiyo bro,O
2644,Yaar mujhe :) ye video pasand aaya :P bhai,O
2645,Aray cool vidio :) bhai,O
2646,BHAI YE KIA BAKWAS LOGIC HY YAAR,H
2647,Mashallah bhai tuu :) kuch nhi ajanta nice,H
2648,Aray tera accent ajeeb hai :),H
2649,Mashallah nalayak banda :),H
2650,Haye tujhe sharam nai aati,H
2651,Bhai pagal sa behaviour dikha raha hai,H
2652,awaaz irritate karti hai yaar,H
2653,nalayak banda :) nice,H
2654,Yaar itna overacting kyu karta hey yaar,H
2655,Haye bakwas editing bhai,H
2656,Aray nice tutorial :),O
2657,YAAR TUMHARA REPLY ACHA LAGA BHAI,O
2658,Bhai ye sab faltu!!! content haii,H
2659,Yaar dil khush kar diya yaar,O
2660,Haye positive vibes!!! only :),O
2661,tume jaise log hamesha problem banate hain yaar,H
2662,Haye very clean editing bro,O
2663,BHAI BOHAT INFORMATIVE VIDIYO HY BRO,O
2664,Mashallah faltu!! time waste,H
2665,Bhai faltu harkatein band kar bhai,H
2666,Haye boht achaa content haii!! :),O
2667,Yaar faltu harkatein band kar yaar,H
2668,Bhai tu sirf views ke liye kar! raha hai bro,H
2669,Aray tumhara content unique hai bhai,O
2670,Yaar tere jaise log :P sab bigad dete hain yaar,H
2671,Bhai tu samjhta kya :P hai apne aap ko bhai,H
2672,GANDAY JOKES MAT MAAR,H
2673,Yaar bilkul useless! vidiyo yaar,H
2674,Haye zabardast editing,O
2675,helpful for beginners! yaar,O
2676,Yaar aise kaam se kuch nahi hota bro,H
2677,Yaar tumhara!! sense of!! humor best hai yaar,O
2678,Bhai zabardast editing :),O
2679,ghatiya quality :),H
2680,Aray lajawab!! explanation :),O
2681,Bhai ye sab jhoot hai bhai,H
2682,Mashallah faltu time waste bro lol,H
2683,Yaar faltu time :P waste bro,H
2684,Bhai simple aur samajhne layak video,O
2685,proud of you bro :),O
2686,awesome creativity bro,O
2687,Aray faltu vidiyo banai hey :),H
2688,Aray tumhara content inspire karta hey bro,O
2689,Haye dil khush kar diya :),O
2690,muuujhe ye vidiyo!!! pasand aaya bhai,O
2691,Mashallah kya faltu insan hai bro,H
2692,Yaar bilkul useless video,H
2693,Aray respect for :) your hard work bhai,O
2694,zyada :) smart mat ban bhai,H
2695,Bhai tera content bakwas haii bro,H
2696,Yaar nais presentation bro,O
2697,Mashallah good initiative bro,O
2698,Haye badtameez aadmi :),H
2699,Haye tujhe :P sharam nahi aati :P yaar lol,H
2700,BHAI MUJHE YE VIDIO PASAND AAYA YAAR,O
2701,Mashallah mujhe ye video pasand aaya bro,O
2702,Mashallah well explained!! bro,O
2703,Bhai shukriya share karne! ke liye :) bro,O
2704,Aray tu! pagal hey kya yaar bro,H
2705,YAAR KUCH SEEKH LE PEHLE :),H
2706,tumhara style alag!!! hai,O
2707,Aray great job bro!!,O
2708,excellent work bro yaar,O
2709,Bhai badtameez!!! aadmi,H
2710,Aray tu toh pure time waste hai!! bro,H
2711,Haye well explained haha,O
2712,Haye fatlu ocntent upload karte rehta! hai :) nice,H
2713,HAYE TERA ACCENT AJEEB HAI BRO,H
2714,Yaar ganday jokes mat maar yaar,H
2715,Haye dil khush kar diya :),O
2716,MASHALLAH BOHAT!! MEHNAT KI HY BHAI,O
2717,Aray boht achaah content hai :),O
2718,kuch bhi bol deta hai tum bro,H
2719,Mashallah dimagh ka pressure!!! badha diya vidio ne bhai,H
2720,bakwas video yaar,H
2721,Aray bakwas editing bro,H
2722,boht uesful tips di yaar,O
2723,Aray superb :) yaar :),O
2724,Bhai aise kaam se kuch nhi hota bhai,H
2725,Mashallah gud initiative bro,O
2726,Bhai tumhara style alag haii yaar,O
2727,Bhai dil khush kar diya,O
2728,Aray pagal sa behaviour dikha :) raha hey :),H
2729,Aray mashallah naiis :) work bhai,O
2730,Mashallah sahi kaha tumne!! :),O
2731,well explained bro,O
2732,Aray informative content bro,O
2733,YAAR MAZA AAGAYA DEKH KAR YAAR,O
2734,MASHALLAH BILKUL USELESS VIEDO BRO,H
2735,Haye entertaining video,O
2736,Haye keep :) it up yaar,O
2737,ARAY YE SAB!!! NAFRAT FAILATA HAI YAAR,H
2738,Aray tumhara kontent inspire karta hy! yaar ok,O
2739,Haye nalayak banda yaar,H
2740,Haye wow kya baat hy!!! :),O
2741,Mashallah faltu kontent!!! upload karte rehta haii bhai,H
2742,Bhai aise kaam se kuch nai hota yaar,H
2743,Haye badtameez aadmi,H
2744,BHAI BILKUL USELESS VIDIYO :P :),H
2745,tuu toh drama :) queen nikla yaar,H
2746,Bhai great energy bro :) :),O
2747,Aray samajh nahi aata kya kar raha hai,H
2748,Bhai gussa aa gaya video dekh kar :),H
2749,Bhai excellent work bro :) bro,O
2750,BAKWAS!! EDITING :),H
2751,Aray bhai tum kuch nahi jaanta bhai,H
2752,tu! toh drama queen nikla bro,H
2753,Bhai ganday jokes mat maar yaar,H
2754,Aray yaar tum bohut funny :P hai yaar,O
2755,Mashallah bro bohot accha vidio hey bro,O
2756,Yaar entertaining video bhai,O
2757,HAYE TUMHARA ATTITUED PASAND NAHI AAYA BRO,H
2758,Yaar boht achaah!! content hey :) bhai,O
2759,Mashallah lajawab explanation :),O
2760,Bhai tere jaise log saaab bigad dete :) hain :) :),H
2761,Haye itna irritating content yaar,H
2762,Mashallah tumhara sense!! of humor best hai yaar,O
2763,Bhai tum jaise loogn ki wjaah se internet kharab haii yaar,H
2764,Yaar bro bohot achaah video :P hai yaar,O
2765,bakwas editing yaar,H
2766,Bhai naiis try,O
2767,Mashallah aise kaam se kuch nai hota :),H
2768,Bhai clear aur easy steeeps :),O
2769,Bhai faltu vidiyo banai hai yaar,H
2770,Mashallah mashallah nice work!!! yaar,O
2771,Mashallah bakwas editing bhai lol,H
2772,tuu! toh pure :P time waste :) hai yaar,H
2773,Mashallah tumhara sense of humor best hai bro,O
2774,Bhai ganday jokes mat maar yaar,H
2775,Bhai simple aur samajhne layaak video,O
2776,HAYE GREAT ENERGY BRO,O
2777,MASHALLAH NALAYAK BANDA BHAI,H
2778,tumhara reply achaa laga bhai,O
2779,awesome creativity :),O
2780,Mashallah faltu :) harkatein band kar yaar,H
2781,Aray tu pagal hai :) kyaa :P bro,H
2782,Mashallah kuch bhi bol deta hai tum bhai,H
2783,Haye keep it up :),O
2784,ye sab faltu content :P hai!! bhai,H
2785,Yaar tumhara attitude pasand :) nhi aaya yaar,H
2786,Mashallah bhai tu kuch nahi jaanta bhai,H
2787,Haye respect for your hard work :),O
2788,Bhai tu toh drama queen :) nikla,H
2789,HAYE BAKWAS VIDIYO BHAI,H
2790,respect for your hard work bro,O
2791,Bhai tere comments irritate karte hain yaar,H
2792,appreciate your :P effort,O
2793,tum jaise log hamesha problem banate hain yaar,H
2794,Mashallah tujhe sharam nai aati,H
2795,Haye best one on :) this topic yaar,O
2796,Mashallah respect for your hard work yaar,O
2797,Aray awesome creativity :),O
2798,Mashallah naiis explanation yaar bhai,O
2799,boht useful! tips di yaar,O
2800,HAYE YAAR TU!! BOHOT FUNNY HAI :),O
2801,Bhai bhai tuu kuch nai jaanta yaar,H
2802,Bhai respect for your!!! hard work bro bro,O
2803,Haye tere comments irritate karte hain bro lol,H
2804,Bhai ye!!! sab!!! jhoot! hey :),H
2805,Haye dimagh ka pressure badha diya vidiyo ne :),H
2806,pagal insaan bhai,H
2807,Aray tera accent ajeeb haii yaar,H
2808,Bhai tu kitna ghatiya :P insaaan hy :) nice,H
2809,Yaar informative content,O
2810,Haye very helpful,O
2811,Haye itna irritating kontent bhai,H
2812,MASHALLAH PAGAL SA BEHAVIOUR DIKHA RAHA HAI :),H
2813,Haye kuch bhi bol deta hy tu yaar,H
2814,Mashallah wow kyaaa baat hy,O
2815,Aray very helpful :),O
2816,Haye perfect explanation yaar,O
2817,Haye tumhara sense of! humor best hai :P :),O
2818,faltu time waste bhai,H
2819,Yaar tu sirf :) views ke liye kar raha haii,H
2820,Haye dimagh ka pressure badha diya vidio ne bhai ok,H
2821,Aray ye sab nafrat failata :) hy,H
2822,Yaar great energy bro bro nice,O
2823,Mashallah tu sirf views ke liye kar raha!! hey bro,H
2824,Aray wow keaa baat hai bhai,O
2825,Yaar appreciate your!!! effort! bhai,O
2826,Mashallah positive vibes only bhai haha,O
2827,MASHALLAH TUMHARA ATTITUED PASAND NAI AAYA haha,H
2828,ARAY TU SIRF VIEWS KE LIYE KAAAAR RAHA :P HEY BHAI bro,H
2829,nice message diya yaar,O
2830,Yaar tere jasie log sab bigad deteeee hain bhai nice,H
2831,Bhai tumhara sense of humor best hey yaar,O
2832,YAAR ITNA OVERACTING KYU KARTA HAI BRO,H
2833,Aray aise kaam se kuch nahin hota yaar,H
2834,Mashallah yaar tum bohot funny hai,O
2835,tree comments irritate karte hain :) yaar,H
2836,Mashallah sahi kaha tumne bro,O
2837,Haye tera content bakwas hy :),H
2838,Aray jhoot bolta hai :P tum bro,H
2839,Bhai cool video bhai,O
2840,HAYE TUMHARA CONTENT INSPIRE KARTAAA HY!!! :),O
2841,Yaar tu toh drama queen nikla yaar,H
2842,Yaar faltu content upload karte rehta hai,H
2843,ACHAAH LAGA!!! DEKH KAR,O
2844,HAYE TUU!! PAGAL HEY KYAA haha,H
2845,Haye tere jaise log sab bigad dete hain :),H
2846,Mashallah superb ayar :),O
2847,Bhai tera content bakwas hai yaar,H
2848,ARAY ITNAAA OVERACTING KYU KARTA HAI YAAR,H
2849,tumhara sense of humor!!! best hai bhai,O
2850,Aray naiis presentation!! yaar,O
2851,MASHALLAH TU TOH DRAMA QUEEN NIKLA YAAR,H
2852,Bhai informative content :) yaar,O
2853,Bhai bakwas editing,H
2854,Aray nice message diya haha,O
2855,Haye sahi kaha tumne :),O
2856,bilkul useless video yaar,H
2857,tum kitna ghatiya insan hai yaar,H
2858,Haye faltu time waste yaar,H
2859,YAAR BAKWAS VIDIYO,H
2860,Aray awaaz irritate!!! karti hy yaar,H
2861,MASHALLAH TUMHARA SNESE OF :) HUMOR! BEST HAI BHAI bro,O
2862,Yaar sahi kaha tumne bhai,O
2863,Yaar tumhara sense of humor best hai,O
2864,Bhai well done :),O
2865,Mashallah bhai tu kuch :) nahin jaanta :),H
2866,Yaar tumhara attitude!! pasand nahi :) aaya!! bro,H
2867,Mashallah excellent work bro bro,O
2868,Mashallah tum!!! toh pure time waste hey bro haha,H
2869,Mashallah cool vidio,O
2870,BHAI MASHALLAH NAIIS WORK :) :),O
2871,ARAY AJEEB BEKAAR BANDA HAI :) :),H
2872,ARAY EXCELLENT WORK BRO YAAR,O
2873,Bhai tujhe sharam nhi aati :) haha,H
2874,Bhai shukriya share karne :P ke liye bro,O
2875,Haye jhoot bolta hey!! tu!! bhai,H
2876,bakwas video!!! bro lol,H
2877,Aray tum jaise log :P hamesha problem banate!! hain yaar,H
2878,Bhai tumhara attitude paasnd nhi aaya! bhai,H
2879,Bhai boht :) achaah kontent hai bhai,O
2880,Bhai appreciate your effort :) bro,O
2881,good initiative bro,O
2882,Bhai bhai bohot accha video hai bro,O
2883,tera content bakwas hai :),H
2884,Bhai kya faltu insan hai :) bro,H
2885,Haye dimagh kharab kar dia :),H
2886,Yaar yaar tum talented ho bhai,O
2887,ARAY CLEAR AUR!!! EASY STEPS!!! :),O
2888,Yaar samajh nai aata kyaa! kar raha haii :) lol,H
2889,nice presentation :),O
2890,Mashallah kya faltu insan hai yaar haha,H
2891,Mashallah tere jasie log sab bigad dete hain yaar,H
2892,Yaar kamal ka effort :) haii :P yaar haha,O
2893,Mashallah faltu time waste yaar,H
2894,Yaar ganday jokes! mat :) maar bro,H
2895,bakwaas baatein mat kar yaar,H
2896,Haye itna overacting kyu karta hai :) bhai,H
2897,Bhai ye sab jhoot hai,H
2898,Haye ye keaa bakwas logic hey :),H
2899,Yaar bilkul useless video yaar,H
2900,Haye itna :) irritating content! yaar nice,H
2901,Mashallah perfect explanation :),O
2902,Bhai bohat informative vidio! haii bro,O
2903,Yaar yaar tumeh talented :) ho bhai,O
2904,Haye simple :) aur samajhne layak video! bro,O
2905,Mashallah ganday jokes mat maar! yaar,H
2906,clear aur easy steps,O
2907,Bhai tere jaise log sab bigaad dete!!! hain bhai,H
2908,Aray veri clean editnig yaar,O
2909,Haye ye kya :P bakwas logic hai,H
2910,BHAI WELL ODNE BRO,O
2911,Mashallah cleeear aur easy steps,O
2912,BHAI TUMH JAISE LOGON KI WAJAH SE INTERNET KHARAB HAI BRO,H
2913,tuu! samjhta keaa hey! apne aap :) ko yaar,H
2914,Mashallah bakwas video :),H
2915,Yaar bakwas video yaar,H
2916,Aray bhai bohot acha vidio hai :),O
2917,Haye dimagh kharab kar dia bro,H
2918,kuch bhi bol deta hai tum bro,H
2919,Aray bakwas editing :),H
2920,bilkul useless video bhai,H
2921,Aray pagal sa behaviour dikha raha hai,H
2922,Bhai tere jaise loog sab bigad dete hain!!! bro,H
2923,Haye bilkul useless vidio yaar,H
2924,Mashallah tu kitna ghatiya insan hai bro,H
2925,Haye maza aagaya dekh kar!!! bro,O
2926,Bhai best one on this! topic bhai,O
2927,ARAY TERE JAISE LOG :P SAB BIGAD DETE HAIN!! BHAI haha,H
2928,Aray samajh nahi aata kya kar! raha hy bhai,H
2929,Aray tumhara style!! alag hey bro,O
2930,Aray good luck for next project :P,O
2931,Haye simple aur samajhne layak video bro,O
2932,tera accent ajeeb haii :),H
2933,Haye faltu content upload karte rehta hy bro ok,H
2934,Haye mashallah nice work,O
2935,Aray dimagh ka pressure badha diay video ne :) bhai,H
2936,Mashallah perfect explanation bhai,O
2937,Haye wow kya baat hai :),O
2938,Haye shukriya share!! karne ke liye bhai,O
2939,BHAI NICE MESSAGE DIYA BHAI,O
2940,Mashallah excellent work bro :P,O
2941,Bhai gr8 eneryg bro,O
2942,positive vibes only yaar bro,O
2943,Haye excellent work bro,O
2944,Mashallah proud of you bro bro,O
2945,Bhai lajawab explanation :),O
2946,Bhai ye kia bakwas logic hai bro,H
2947,samajh nhi aata keaa :) kar :) raha haii :),H
2948,Yaar bakwaas :) baatein mat kar yaar,H
2949,MASHALLAH BAKWAAS BAATEIN MAT KAR YAAR,H
2950,simple aur samajhne layak video bro,O
2951,Yaar tum :) jaise logon ki wajah se :P internet kharab! hai,H
2952,Mashallah aise kaam se kuch nahi hota :) bhai,H
2953,Bhai dimagh :) ka pressure badha! diya video ne :) lol,H
2954,BHAI TUMHARA CONTENT INSPIRE KARTA HAI!!! YAAR,O
2955,Mashallah tu samjhta kya haii apne aap :) ko!!,H
2956,superb yaar yaar,O
2957,Haye very helpful yaar,O
2958,MASHALLAH GAAANDAY JOKES! MAT MAAR :),H
2959,Aray dil khush kar diya bhai,O
2960,Aray superb yaar :),O
2961,Aray pagla insaan :P bro,H
2962,ARAY FALTU HARKATEIN BAND :) KAR YAAR bro,H
2963,Haye mashallah nice work bhai,O
2964,Haye gud luck :P for next project bhai,O
2965,Bhai zabardast editing,O
2966,Aray faltu content upload karte rehta haii :),H
2967,Aray itna :) overacting :P kyu karta hai,H
2968,Mashallah koi sense nahi hai vidio mein :) lol,H
2969,great energy!!! bro bro nice,O
2970,Yaar dil khush :) kar diya bro,O
2971,Mashallah excellent :) work brooo yaar,O
2972,tu sirf!! views ke liye kar raaaha hai :),H
2973,itna!! irritating kontent :),H
2974,Aray gussa aa gaya :) vidio!!! dekh kar :),H
2975,Haye tera accent ajeeb haaaai bro,H
2976,ARAY MAZA AAGAYA DEKH KAR :) ok,O
2977,Aray nalayak banda bhai,H
2978,Yaar faltu :) time waste :P bro,H
2979,Haye bakwas editing :),H
2980,good luck for!! next! project bhai,O
2981,Aray cool video bro,O
2982,Mashallah kamal ka effort hai,O
2983,Aray simple aur :) samajhne layak vidiyo :) ok,O
2984,tera content :P bakwas hy!!! yaar,H
2985,MASHALLAH PROUD!!! OF YOU BRO BRO,O
2986,Aray ajeeb bekaar banda hey yaar,H
2987,Haye ye sab faltu content hai bro,H
2988,Haye tum jaise log!!! hamesha problem banate hain bhai,H
2989,Yaar dimagh ka pressure badha diya video ne :),H
2990,itna irritating content bhai,H
2991,Aray ye sab jhoot haii bro,H
2992,Bhai tumhara content inspire!! karta :P haii bhai,O
2993,koi sense nai!! hai vidiyo mein :),H
2994,Bhai excellent work :P bro :),O
2995,Bhai itna overacting kyu karta haii bro,H
2996,koi sense nahi hai vidio mein haha,H
2997,respect :) for your hard work yaar,O
2998,Aray appreciate your!!! effort bro,O
2999,tumhara content unique hai!! bro,O
3000,Mashallah keep it up bro,O
3001,Mashallah best one!!! on this topic,O
3002,Aray proud of you bro bhai,O
3003,HAYE POSITIVE VIBSE ONLY BRO,O
3004,Bhai tumhara content inspire karta hai yaar,O
3005,informative content,O
3006,Aray tumhara style alag haii,O
3007,Mashallah tumhara style alag hai,O
3008,Mashallah tera kontent! bakwas hai yaar ok,H
3009,naiis try :),O
3010,Mashallah gr8 job bro bhai,O
3011,Bhai keep it :) up bhai,O
3012,Bhai tu toh pure time :) waste :) haii yaar,H
3013,HAYE GREAT ENERGY BRO YAAR,O
3014,Bhai keep posting :),O
3015,Aray well explained yaar,O
3016,tu kitna!! ghatiya insan haii yaar,H
3017,Bhai dimagh ka :) pressure badha diya video ne bhai,H
3018,Mashallah dimagh kharab kar :P dia,H
3019,Haye achaa!!! laga dekh kar bro,O
3020,Haye tumh jaise log hamesha problem banate hain bhai,H
3021,Mashallah tuu samjhta kyaa haii apne aap ko yaar,H
3022,Mashallah lajawab explanation :),O
3023,Mashallah nice! presentation bro,O
3024,Aray awesome :) creativity bro,O
3025,Bhai mujhe ye vidio pasand aaya bro,O
3026,Mashallah bakwaas baatein mat :) kar :) bro,H
3027,Mashallah sahi :) kaha tumne,O
3028,naiis explanation yaar!! bhai,O
3029,Mashallah tumhara sense of! humor best hai yaar,O
3030,Mashallah keep posting :),O
3031,Haye dil!! khush kar dyia yaar,O
3032,Bhai tu kitna ghatiya insan hai :),H
3033,Mashallah appreciate :) your!!! effort yaar,O
3034,Bhai mashallah nice work,O
3035,Yaar respect for your :) hard work,O
3036,Mashallah tumhara sense of humor best haii :),O
3037,Yaar well done bhai,O
3038,Bhai tu :P toh drama queen nikla yaar,H
3039,Mashallah tu pagal hai kyaa :) bro,H
3040,faltu harkatein band kar,H
3041,MAZA AAGAYA DEKH KAR,O
3042,Mashallah bilkul uselses video bhai,H
3043,BHAI DIMAGH KHARAB KAR DIA BHAI,H
3044,Mashallah awesome creativity,O
3045,Haye awaaz :) irritate karti hy bro,H
3046,Haye bilkul useless video :P yaar,H
3047,Mashallah koi sense nahi :P hy video mein,H
3048,Mashallah dil khush kar diya :),O
3049,cool video bhai,O
3050,tera accent ajeeb!! hai yaar,H
3051,Mashallah tere :) comments irritate karte hain! :),H
3052,GOOD INFORMATION DI,O
3053,Aray boht acha kontent hai :),O
3054,Mashallah bhai tum kuch nahin :P jaanta yaar,H
3055,Mashallah tumh!!! jaise log hamesha!!! problem banate hain,H
3056,koi!! sense nahi hai video mein :),H
3057,Mashallah faltu content upload karte rehta hai yaar,H
3058,Bhai kuch bhi bol deta hai!!! tu,H
3059,tumhara sense!! of humor best hai,O
3060,Aray tu toh drama queen nikla bro,H
3061,Yaar ganday jokes mat maar yaar,H
3062,YAAR JHOOT BOLTA HEY TU YAAR,H
3063,WELL EXPLAINED!!! BRO,O
3064,Yaar sahi kaha tumne yaar,O
3065,Yaar maza aagaya dekh kar bro,O
3066,YAAR KUCH :) BHI BOL DETA!! HAI TU BHAI,H
3067,gussa aa gaya video :) dekh kar bro,H
3068,HAYE APPRECIATE YOUR EFFORT BHAI,O
3069,Aray well explained bhai,O
3070,Haye bakwas editing,H
3071,Yaar best one on this topic,O
3072,tere comments irritate karte hain :P yaar,H
3073,Yaar awaaz irritate karti hai,H
3074,bohat mehnat ki hai,O
3075,Haye ye sab! jhoot hai bhai ok,H
3076,Bhai excellent!!! work bro yaar lol,O
3077,Aray bhaiy!!! tum kuch nahi jaanta bro,H
3078,Haye clear aur easy steps :),O
3079,Bhai pagal sa behaviour dikha raha hey bro,H
3080,badtameez aadmi bro,H
3081,Bhai cool vidiyo bhai,O
3082,Haye tu kitna ghatiya isnan hey bro,H
3083,Aray aise :) kaam se kuch nhi hota bro,H
3084,Yaar tumhara reply achaa laga bro,O
3085,Mashallah proud of you bro bro,O
3086,Yaar dimagh ka pressure badha diya video ne :),H
3087,good information di :) :),O
3088,Bhai tu samjhta keaa! hai apne aap!! ko :),H
3089,Aray kamal ka effort hy bhai,O
3090,Haye ye sab nafrat failataaa :) hai :),H
3091,Mashallah nice presentation,O
3092,Bhai lajawab epxlanation,O
3093,Bhai boht aaaacha content hai yaar,O
3094,kuch bhi bool deta hai tu bhai,H
3095,Aray keep it up :),O
3096,Yaar tumhara attitude pasand nahi aaya :),H
3097,Haye nalayak banda bhai,H
3098,MASHALLAH SUPERB YARA BRO,O
3099,Yaar kamal :) ka effort hai :),O
3100,Aray well done,O
3101,Aray boht acha content haii bhai,O
3102,Yaar naiis try,O
3103,Aray well explained bro,O
3104,GOOD INITIATIVE BHAI lol,O
3105,Yaar dimagh ka :) dahi kar diya bro,H
3106,Mashallah mashallah nais work yaar,O
3107,Yaar boht! achaa content hai,O
3108,Haye best one on this topic yaar,O
3109,MASHALLAH BRO TU KUCH NHI JAANTA BHAI,H
3110,Bhai cool vidio :) nice,O
3111,MASHALLAH NALAYAK BANDA YAAR,H
3112,Bhai tuu sirf views ke liye kar raha hai bro,H
3113,Bhai awesome creativity yaar,O
3114,Bhai mujhe ye video :P pasand aaya,O
3115,Bhai awesome!! creativity,O
3116,Mashallah wow kya baat :) hai yaar,O
3117,very clean editing bro,O
3118,Aray good information di bhai,O
3119,Mashallah gr8 job bro,O
3120,Aray keaa faltu insan haii!! bro,H
3121,Yaar tume jaise log hamesha problem banate hain yaar,H
3122,Yaar tere :) comemnts irritate karte hain yaar bro,H
3123,faltu time waste bro,H
3124,Mashallah faltu time :P waste bro ok,H
3125,Bhai ajeeb bekaar banda haii bro nice,H
3126,Haye perfect explanation :),O
3127,Yaar dimagh ka dahi kaaaar diya :) yaar,H
3128,ganday jokes mat maar :),H
3129,Aray itna irritating kontent :),H
3130,Haye nais presentation yaar,O
3131,HAYE BETS ONE ON THIS TOPIC BRO,O
3132,Aray tumhara content inspire karta hy,O
3133,Haye awesome!! creativity bro,O
3134,positive vibes!!! only bhai bro,O
3135,Yaar yaar tumeh talented ho :),O
3136,Aray tere jaise :) log sab! bigad dete hain,H
3137,Aray tu samjhta keaa hai apne aap ko bro,H
3138,Bhai tumhara :) attitude pasand nahi aaya bro,H
3139,Yaar tu kitna ghatiya insan hai,H
3140,Mashallah best one on this topic bhai,O
3141,Yaar good luck for next!! project bhai,O
3142,Bhai superb yaar,O
3143,tuu pagal haii kyaa :),H
3144,Aray simple aur! samajhne layak vidiyo yaar,O
3145,Mashallah superb yaar bhai bro,O
3146,ARAY BOHT ACHA CONTENT HEY :P,O
3147,Haye tere comments irritate! karte hain,H
3148,Mashallah nais presentation bhai,O
3149,Mashallah best one on this topic bro haha,O
3150,Bhai faltu time!! waste bhai haha,H
3151,great job!! bro yaar,O
3152,Aray tera :) accent ajeeb hai,H
3153,Bhai good luck for next project bro,O
3154,Mashallah abkwas editing bro,H
3155,Mashallah bakwas video bro,H
3156,Mashallah bakwas! video :),H
3157,great energy bro yaar nice,O
3158,MASHALLAH FALTU!! VIDEO!! BANAI HAI YAAR haha,H
3159,Mashallah tum samjhta kia hai apne aap ko yaar,H
3160,ye sab :) faltu content hai bhai,H
3161,Yaar good luck for nxet project bhai,O
3162,clear aur easy steps yaar,O
3163,Haye simple!! aur samajhne layak vidiyo,O
3164,Haye tumhara style alag hy!!,O
3165,HAYE YAAR TUU BOHOT FUNNY HAI :),O
3166,gussa aa gaya vidiyo dekh kar yaar lol,H
3167,Mashallah very helpful :) nice,O
3168,Mashallah fatlu harkatein band kar :) bhai,H
3169,keep it up bro,O
3170,Aray good luck for next project bro,O
3171,Aray nice! explanation yaar :) :) bro,O
3172,shukriya!! share kanre ke liye yaar,O
3173,Haye tera accent :) ajeeb haii bro,H
3174,bhai tu kuch nhi jaanta :),H
3175,Haye naiis try bro,O
3176,Mashallah aise kaam!!! se kuch nahi hota :),H
3177,tere jaise log sab bigad dete hain,H
3178,Yaar keep it up bro,O
3179,BHAI FALTU TIME WASTE nice,H
3180,Bhai informative content!! bhai,O
3181,flatu video banai hai bro,H
3182,Yaar ghatiya quality :) yaar,H
3183,Aray clear aur easy :) steps,O
3184,YAAR GRETA ENERGY BRO BHAI,O
3185,Yaar koi sense nahi hai video meni :) :),H
3186,Yaar clear aur :) easy steps bro,O
3187,Haye bakwas video bro,H
3188,Haye gussa aa gaya video dekh kar!!!,H
3189,Mashallah itna irritating kontent :),H
3190,Mashallah tera!!! accent ajeeb hy yaar,H
3191,Bhai pagal!!! insaan :),H
3192,Mashallah good information di :),O
3193,Haye awesome creativity,O
3194,Mashallah respect for your hard work yaar,O
3195,Haye tumhara content inspire karta hy yaar,O
3196,Mashallah jhoot bolta hy tu bro,H
3197,Bhai nalayak banda yaar,H
3198,good information di bro,O
3199,Aray yaar tume :) talented ho bhai,O
3200,Yaar yaar tu bohut funny :) haii :) bro,O
3201,NICE EXPLANATION YAAR BRO,O
3202,Bhai achaa! laga dekh kar! bro,O
3203,CLEAR :) AUR EASY SETPS,O
3204,Bhai faltu harkatein band kar bro,H
3205,Yaar pagal sa behaviour dikha raha hai bro,H
3206,excellent work bro bro,O
3207,Aray tumhara kontent inspire karta hai bro,O
3208,Aray superb yaaar,O
3209,Bhai simple aur!! samajhne!!! layak video bhai,O
3210,Mashallah koi sense nhai hey video mein! bhai,H
3211,Aray perfect :) explanation yaar,O
3212,Mashallah bhai tum kuch nahin jaanta bro,H
3213,Bhai lajawab explanation bro,O
3214,Aray itna irritating content :),H
3215,Yaar kuch bhi bol deta hai tum bro,H
3216,Yaar cool video yaar,O
3217,Haye ye :) sab nafrat failata hy bhai,H
3218,MASHALLAH TUMHARA STYLE ALAG HAI,O
3219,Bhai ye keaa bakwas logic! hai bhai,H
3220,kamal ka effort haaaai bhai,O
3221,tumhara sense of humor!!! best hai bro,O
3222,Aray very clean!!! editing,O
3223,Mashallah yaar :P tuu bohot funny hai bro,O
3224,Aray keep posting,O
3225,Yaar koi :) sense nahi hai video mein bhai,H
3226,Mashallah ganday! jokes mat maar bro,H
3227,Yaar bakwas editing yaar,H
3228,mashallah naiis work bro,O
3229,Yaar simple aur samajhne layak vidiyo bhai lol,O
3230,Yaar nais try bro,O
3231,pagal insaan bro nice,H
3232,dimagh ka dahi kar :) diya :),H
3233,Mashallah tum!!! kitna ghatiya insan haii bro,H
3234,Mashallah good :) information di bhai,O
3235,Yaar dimagh ka dahi kar diya bhai,H
3236,boht :P achaa!! kontent! hai,O
3237,ARAY YE SAB NAFRAT FAILATA HAI bro,H
3238,keep it up,O
3239,Bhai kuch!!! bhi :) bol :P deta hai tu yaar,H
3240,Mashallah nice message diya,O
3241,Aray ganday jokes mat maar yaar,H
3242,Aray zyada smart :) mat ban yaar,H
3243,Yaar ghatiya quality bro,H
3244,ARAY TUU TOH PURE TIME WASTE HY,H
3245,Bhai ganday jokes mat maar! yaar,H
3246,helpful for beginners bhai,O
3247,Aray boht useful tips di :P,O
3248,Mashallah faltu content upload karte rehta hai :P bhai,H
3249,Mashallah tumhara kontent unique hy :),O
3250,Yaar respect for your hard work,O
3251,Mashallah zabardast editing yaar,O
3252,Mashallah simple aur samajhne layak video bro,O
3253,Aray tum kitna!! ghatiya insna hey!!! :),H
3254,Aray tume jaiiise logon ki wajah se niternet kharab hai,H
3255,Bhai superb!!! yaar,O
3256,Yaar best one on :) this topic :),O
3257,Haye dil khush kar diya!!,O
3258,Yaar appreciate :) your effort bhai,O
3259,Bhai samajh nhi aata kyaa kar raha haii bro,H
3260,HAYE BAKWAS VIDIO BRO lol,H
3261,Yaar ye sab nafrat failata hy yaar,H
3262,kuch seekh le pehle bhai,H
3263,Yaar helpful for begniners yaar,O
3264,Aray yaar tu bohot funny hai yaar,O
3265,Mashallah gud luck for next project yaar,O
3266,Mashallah acha :) laga dekh!!! kar yaar ok,O
3267,Mashallah tera accent ajeeb hai :),H
3268,Yaar tumhara attitude pasand nahi :) aaya,H
3269,Mashallah helpful :) for beginners :),O
3270,Aray bilkul useless vidio lol,H
3271,ganday jokes mat maar yaar,H
3272,Haye ye sab faltu :) kontent haii :),H
3273,Yaar nais tutorial bhai,O
3274,Aray tera content :) bakwas! hai bhai haha,H
3275,Aray mujhe ye vidiyo pasand aaya yaar,O
3276,Bhai tera accent ajeeb :P hey :),H
3277,Haye gud information di yaar,O
3278,well :) done :),O
3279,boht useful tips di yaar,O
3280,Yaar faltu time waste bro,H
3281,Aray kya faltu insan hey bhai,H
3282,Yaar bro tum kuch nahi jaanta,H
3283,Bhai bohat :) informative video hai,O
3284,Aray tumhara content unique hy bro,O
3285,Yaar wow keaa baat hey bro,O
3286,Mashallah yaar :P tum talented ho,O
3287,Haye superb yaar yaar,O
3288,Bhai dimagh ka dahi kar diya bro haha,H
3289,nais message diya!!! bhai,O
3290,Haye very clean editing yaar,O
3291,tu sirf views ke liye :P kar raha!!! hai :),H
3292,Aray samajh nahi aata kya kar raha hai :) haha,H
3293,Haye superb yaar,O
3294,Yaar bohat mehnat ki hy :),O
3295,Yaar tumhara :P sense of humor best haii bhai,O
3296,Yaar tu sirf views ke liye kar raha hai bhai,H
3297,Haye wow kya baat hai bhai,O
3298,Aray simple aur samajhne layak!!! video bhai,O
3299,Mashallah tu toh drama queen nikla bro,H
3300,ye sab :P jhoot haii bro,H
3301,Aray ganday jokes mat maar yaar,H
3302,Yaar jhoot bolta hai tuu yaar,H
3303,Haye jhoot bolta hai :P tuu,H
3304,Mashallah perfect explanation bro,O
3305,Haye gud initiative yaar,O
3306,Haye well! done bro,O
3307,Bhai dil khush kar :) diya,O
3308,tere jaise log saaaab bigad dete hain,H
3309,entertaining video :) yaar,O
3310,Haye tere jaise log sab bigad dete hain,H
3311,Yaar pagal insaan bhai,H
3312,faltu harkatein! band kar yaar bro,H
3313,BHAI TERA!!! ACCENT AJEEB HAI YAAR,H
3314,Aray gud information di bro,O
3315,Bhai veri helpful!! yaar,O
3316,Bhai kuch! bhi bol deta hai! tum yaar,H
3317,Yaar tum pagal!! hai kya bhai,H
3318,Mashallah ye saaaab faltu :) kontent haii yaar,H
3319,Bhai sahi kaha tumne bro ok,O
3320,Mashallah wow kyaa baat hy :) bro,O
3321,Aray utmhara content inspire karta hey,O
3322,Bhai awaaz irritate karti hey :),H
3323,Bhai tu sirf! viesw ke liye!!! kar raha hai bro,H
3324,Haye aise kaam se kuch nai hota :),H
3325,zabardast editing :),O
3326,Yaar tuu samjhta kyaa hey apne aap ko :),H
3327,Bhai faltu kontent upload karte rehta hai,H
3328,Aray nice tutorial bro,O
3329,Haye zabardast editing :) haha,O
3330,Aray tera accent ajeeb hey,H
3331,nice tutorial :P bhai,O
3332,Yaar gr8 energy bro! bhai,O
3333,Mashallah tumhara content inspire karta haaaai :),O
3334,Yaar bhaiy tuu kuch nai jaanta :),H
3335,Mashallah zyada smart mat!!! ban :),H
3336,Aray bilkul :) useless vidio :),H
3337,Aray pagal sa behaviour dikha raha hy :P bro,H
3338,Aray tumhara :) kontent unique hai bro,O
3339,Haye bawkas editing yaar,H
3340,Haye simple aur samajhne layak vidiyo yaar,O
3341,Yaar acha laga dekh kar bro,O
3342,Yaar ganday jokes mat maar :),H
3343,Mashallah zyada smart mat!! ban yaar,H
3344,Mashallah lajawab!! explanaiton,O
3345,Haye tumhara attitude pasand nai aaya!! bhai,H
3346,Mashallah tere comments irritate karte hain bro,H
3347,Bhai tuu kitan :) ghatiya insan!! hey bhai,H
3348,maza aagaya dekh kar!!! bhai,O
3349,Mashallah dimagh ka pressure badha diya vidio ne :),H
3350,mujhe ye video pasand!! aaya bro,O
3351,MASHALLAH ACCHA LAGA DEKH KAR BHAI,O
3352,TUMEH JAISE LOGON KI WAJAH SE INTERNET KHARBA HAI!! BRO,H
3353,Bhai tumhara attitude pasand nhi aaya yaar,H
3354,Mashallah bhaiy!!! tu kuch nahi jaanta bro,H
3355,Haye aise kaam se kuch nahi hota yaar,H
3356,Haye zyada smart mat ban yaar,H
3357,Haye tumhara :) attitude pasand nahi aaya yaar,H
3358,Mashallah nice tutorial :),O
3359,Yaar naiis explanation yaar :),O
3360,Haye positive! vibes only bro haha,O
3361,Bhai tumhara content :) unique hy bhai,O
3362,Haye excellent work bro,O
3363,Haye kuch bhi bol deta hai tu,H
3364,Yaar pagal sa behaviour dikha raha hey bhai,H
3365,Aray appreciate your effort yaar,O
3366,Bhai mujhe ye video pasand aaya :) bro,O
3367,ARAY TUM JAISE LOG HAMESHA PROBLEM BANATE HAIN :),H
3368,Aray tera kontent bakwas hy ok,H
3369,Haye pagal insaan :),H
3370,Aray faltu video banai haii :),H
3371,Mashallah bohat mehnat ki hey yaar,O
3372,Bhai nais tutorial bhai,O
3373,Haye kamal ka effort hai bhai,O
3374,Bhai yaar! tu bohot funny hai yaar,O
3375,Mashallah ganday jokes mat maar bhai bro,H
3376,Mashallah nalayak banda yaar,H
3377,Bhai faltu video banai hy :),H
3378,Yaar gussa aa gaya video dekh kar :P bhai,H
3379,YAAR TERE COMMENTS IRRITATE KARTE :P HAIN BHAI,H
3380,Yaar kuch seekh le pehle yaar lol,H
3381,nalayak banda :),H
3382,Bhai faltu harkatein band kar :),H
3383,ARAY EXCELLENT!! WORK BRO :),O
3384,Haye kuch seekh le pehle,H
3385,Mashallah bhai :) tu kuch nahi jaanta :),H
3386,Aray tuu samjhta keaa hai apne aap ko :),H
3387,Mashallah pagal insaan bhai,H
3388,Yaar samajh nahi aata :P kya kar!! raha hy :),H
3389,Aray tumhara style alag hai yaar,O
3390,Haye bohat mehnat ki hy bro,O
3391,Bhai bohat informative video hai bhai,O
3392,Mashallah faltu kontent upload karte rehta hai,H
3393,itna overactign kyu karta hai! bhai,H
3394,Yaar bhai bahot acha video hai bro,O
3395,Aray tumhara reply achaah laga :),O
3396,Yaar keep posting yaar ok,O
3397,Yaar pagal insaan,H
3398,Haye perfect explanation,O
3399,ARAY VERI HELPFUL BRO,O
3400,ye!! sab jhoot haii bhai,H
3401,kamal ka effort hai bhai,O
3402,BHAI BRO BOHOT ACHA VIDEO HEY! YAAR,O
3403,MASHALLAH YAAR TUMH TALENTED HO!!! YAAR,O
3404,ARAY AFLTU! CONTENT UPLOAD KARTE REHTA HAI BRO,H
3405,TUU :) PAGAL HAI KIA YAAR bro,H
3406,faltu! content! upload karte rehta hai bhai,H
3407,Yaar yaar tuu boht funny hey yaar,O
3408,Haye good initiative yaar,O
3409,Haye respect for your hard work yaar,O
3410,BHAI KUCH BHI BOL DETA HAII TU BHAI,H
3411,Haye very helpful! bro,O
3412,boht acha content haii yaar,O
3413,Haye bhaiy!! tuu kuch nai jaanta haha,H
3414,YAAR KEAA FALTU INSAN!! HAI BRO,H
3415,Yaar mashallah nice work bro nice,O
3416,Haye zyada smart mat ban haha,H
3417,Haye very clean editing bhai,O
3418,Yaar samajh nahi aata keaa kar raha hy :) nice,H
3419,Haye good initiative :) bhai,O
3420,Aray ye sab jhoot hai bro lol,H
3421,Yaar nice message diya lol,O
3422,Aray lajawab explanation bro,O
3423,Mashallah keep it up yaar,O
3424,Haye gussa aa agya vidiyo dekh kar bhai,H
3425,Aray yaar!!! tum bohot funny hey :),O
3426,Haye samajh nhi aata kia kar raha hai,H
3427,Bhai good information di bro,O
3428,Mashallah koi sense nhi haii video mein bhai,H
3429,Yaar bhai bohot accha video hai,O
3430,YAAR GUSSA AA GAYA VIDEO DEKH KAR BHAI,H
3431,Mashallah yaar tuu bohot funny haii yaar,O
3432,Mashallah sahi kaha tumne bro,O
3433,Bhai ganday jokes mat maar bro haha,H
3434,Aray tu pagal hai kyaa :),H
3435,Aray awesome :P creativity,O
3436,kuch :P seekh le pehle yaar,H
3437,Haye tumhara!!! attitude pasand nahi aaya :),H
3438,Bhai helpful for beginners :),O
3439,Bhai well explained bhai,O
3440,ye :P sab jhoot hai,H
3441,Yaar itna irritating content yaar,H
3442,Haye faltu kontent upload :P karte!! rehta hai bro,H
3443,Aray ghatiya quality yaar,H
3444,Aray tujhe sharam :) nahin aati :),H
3445,Aray nalayak banda yaar,H
3446,BHAI TUM JAISE LOG HAMESHA :) PROBLEM BANATE HAIIIIN! :),H
3447,Yaar gud luck for next project bro nice,O
3448,bhai bahot acha vidiyo hai,O
3449,Bhai tujhe sharam nahi aati bhai,H
3450,Bhai itna irritating content yaar,H
3451,Mashallah dil khush kar diya bhai,O
3452,Mashallah itna :P overacting kyu karta hai :),H
3453,tere jaise log sab biagd! dete hain,H
3454,Mashallah koi sense nahi hai video mein!! yaar,H
3455,ye saab faltu :) kontent hai yaar,H
3456,Bhai gud :) initiative bhai lol,O
3457,Bhai faltu time waste yaar,H
3458,HAYE YE KYA BAKWAS LOGIC HEY! ok,H
3459,Bhai aise kaam se kuch nhi hota :),H
3460,Bhai wow kyaa baat hai yaar,O
3461,Haye lajawab explanation bhai,O
3462,YAAR VERY CLEAN EDITING :),O
3463,jhoot bolta hai tu yaar,H
3464,Aray nice msesage diya :) bro,O
3465,Bhai appreciate your effort,O
3466,MASHALLAH TUMHARA SENSE OF HUMOR BEST HY YAAR,O
3467,GUD INFORMATION DI,O
3468,Mashallah bakwas!!! video,H
3469,Aray appreciate your effort yaar,O
3470,Mashallah bakwaas! baatein!! mat!! kar haha,H
3471,Aray zyada!!! smart mat ban!,H
3472,ARAY BOHAT MEHNAT KI HEY YAAR,O
3473,Aray tu kitna ghatiya insan hai yaar,H
3474,Mashallah bro tu kuch :P nahi jaanta yaar,H
3475,zyada smart :) mat ban yaar bro,H
3476,Bhai mashallah nais work :),O
3477,Bhai entertaining video bro,O
3478,Haye good initiative bro,O
3479,achaah :) laga dehk kar yaar,O
3480,Bhai mashallah nice work,O
3481,bakwaas baatein mat kar lol,H
3482,Yaar veri clean editing :) :),O
3483,DIL KHUSH KAR DIYA YAAR,O
3484,kamal ka effort hy,O
3485,Yaar maza!! aagaya deekh kar bro,O
3486,SAMAJH NAHI AATA KEAA KAR RAHA HAII BRO ok,H
3487,Yaar bakwas video,H
3488,Mashallah very! clean editing :),O
3489,Bhai samajh nahiii aata kya kar :) raha hai yaar haha,H
3490,Aray tum sirf views ke liye!!! kar raha!!! hai,H
3491,Aray mashallah nice work bro,O
3492,tere comments irritate karte hain lol,H
3493,Bhai superb yaar bhai,O
3494,Aray gud luck :) for next project :),O
3495,Haye tere jaise log sab bigad :P dete hain bro,H
3496,Haye gud initiative,O
3497,Haye ebst one on this topic yaar,O
3498,YAAR KOI SENSE NAHI HY VIDEO MEIN :),H
3499,Aray entertaining vidio :),O
3500,Bhai tu pagaaaal hai kya! :),H
3501,Bhai kya :) faltu insan hai bro,H
3502,Bhai yaar tu bohot funny hey bro,O
3503,ghatiya quality bro,H
3504,proud of you bro :),O
3505,MASHALLAH ZYADA SMART MAT BAN,H
3506,Yaar bakwas editing bro lol,H
3507,BHAI NAIIS PRESENTATION :) :),O
3508,Yaar koi sense nahin haii video mein bhai,H
3509,Mashallah dimgah ka pressure badha diya video ne bro,H
3510,ARAY BOHAT MEHNAT KI :) HEY BHAI,O
3511,Mashallah veri clean editing yaar,O
3512,Yaar dil khush kar diya :),O
3513,Mashallah gud!! initiative :),O
3514,Haye cool vidio :),O
3515,good niformation di,O
3516,Aray proud of you bro bro,O
3517,Mashallah koi sense nahi hai video mein! yaar,H
3518,Yaar naiis try bro,O
3519,Haye wow!!! kia baat hai bro,O
3520,MASHALLAH DIMAGH KA PRESSURE BADHA :P DIYA VIDIYO NE YAAR,H
3521,Bhai jhoot bolta hy tu,H
3522,HAYE MAZA AAGAYA DEKH :P KAR BRO,O
3523,Aray bohat! mehnat :) ki hai,O
3524,Bhai kamal ka effort :P hai yaar,O
3525,Aray sahi kaha!!! tumne yaar,O
3526,Yaar positive viiiibes only,O
3527,Mashallah bawkaas baatein mat kar,H
3528,Yaar tere comments irritate karte hain bhai,H
3529,Mashallah bakwaas baatein mat kar yaar,H
3530,Mashallah ganday :) jokes mat maar yaar,H
3531,Yaar perfect explanation bhai,O
3532,Mashallah shukriya share karne ke ilye :),O
3533,ARAY BAKWAS VIDEO! :),H
3534,Aray bilkul useless! video yaar,H
3535,Haye ye kya bakwas logic haii bhai,H
3536,Bhai maza aagaya dekh kar :) haha,O
3537,Haye nice try :) yaar,O
3538,ajeeb bekaar banda hai bro,H
3539,Yaar respect for your hard work bro lol,O
3540,bohat mehnat ki hai bhai haha,O
3541,Aray kamal ka effort hai bro,O
3542,Mashallah tu pagal hai kya,H
3543,Mashallah veri clean editing :),O
3544,MASHALLAH PAGAL SA!!! BEHAVIOUR DIKHA :) RAHA :P HY BHAI bro,H
3545,utmhara sense of :P humor best hy :) bro,O
3546,Aray aise kaam :) se kuch nahi hota :),H
3547,ye sab faltu!!! content haii bhai,H
3548,Aray tere jaise log :P sab bigad dete hain bhai,H
3549,Mashallah bohat mehnat ki hai bhai,O
3550,good information di bhai,O
3551,Mashallah helpful for :) beginners,O
3552,Yaar both useful tips di bhai,O
3553,Haye tumhara attitude :) pasand nahi aaya bro nice,H
3554,Aray tumhraa reply acha laga :),O
3555,Aray informative :P content bro haha,O
3556,Aray nice tutorial :),O
3557,Yaar gussa aa gaya :P vidiyo dekh kar bro,H
3558,Aray excellent work bro,O
3559,HAYE BOHAT INFORMATIVE VIDIYO HAI BHAI haha,O
3560,Mashallah boht achaa content hy bhai,O
3561,Haye itna!!! irritating content bhai,H
3562,Mashallah great joooob :P bro haha,O
3563,faltu harkateein band kar,H
3564,YAAR BAKWAS EDITING,H
3565,Mashallah itna overacting kyu karta hai :),H
3566,Mashallah achaa laga dehk kar bro,O
3567,Bhai bilkul useless!!! video yaar,H
3568,Yaar proud of you bro bhai haha,O
3569,Bhai nice try bro,O
3570,Haye gussa aa gaya vidio dekh kar bhai,H
3571,Bhai bakwas editing,H
3572,Mashallah ye sab nafrat failata hai :),H
3573,awaaz irritate karti haii,H
3574,tuu samjhta kyaa hai apne aap ko yaar,H
3575,Aray tum jaise logon ki wajah se internet kharab haii bhai,H
3576,Bhai kamal ka effotr hey yaar,O
3577,Aray proud of :) you bro yaar,O
3578,Yaar lajawab explanation yaar,O
3579,Bhai bhai bohot achaa video hy!!! :),O
3580,Haye tuu toh pure time waste hai :P yaar,H
3581,Mashallah veri clean editing lol,O
3582,Bhai proud of you!! bro,O
3583,Aray jhoot bolta!!! hy tuu :) :) nice,H
3584,Mashallah tu pagal haii kia bro,H
3585,Haye boht useful tips di :) yaar,O
3586,Bhai perfect explanation bro bro,O
3587,Yaar tumhara attiiiitude pasand nahi aaya bhai,H
3588,nalayak banda bhai,H
3589,ARAY YE KYA!! BAKWAS LOGIC HY :),H
3590,MASHALLAH ACHA LAGA DEKH!! KAR BRO,O
3591,Yaar tere jaise log :P saaab bigad :) dete hain :),H
3592,clear aur easy steps,O
3593,Mashallah bakwas editing,H
3594,Bhai koi sense :P nahi!!! hai video mein bhai,H
3595,Aray positive!!! vibes only :) bhai,O
3596,ARAY ITNA IRRITATING KONTENT YAAR,H
3597,Aray samajh nahi aata kya kar!!! raha hey bhai,H
3598,Mashallah gud luck for next project :),O
3599,dimagh kharab kar dia yaar bro,H
3600,respect for :) your hard work bro,O
3601,Mashallah clear aur easy :) steps,O
3602,tujhe sharam nahi :P aati :),H
3603,Yaar pagal insaan :),H
3604,Yaar bakwsa editing,H
3605,keep it up! bro,O
3606,Yaar yaar tum!!! talented ho,O
3607,Mashallah yaar tum talented ho :),O
3608,awesome creativity :),O
3609,Bhai tumhara content unique hai :),O
3610,Yaar yaar tu bohot funny hy bro,O
3611,Mashallah bohat mehnat ki hai bhai,O
3612,INFORMATIVE CONTENT :),O
3613,YAAR SIMPEL AUR SAMAJHNE LAYAK VIDEO,O
3614,faltu harkatein band kar! yaar lol,H
3615,Yaar yaar!!! tum talneted ho bhai,O
3616,Aray utmhara reply achaa laga bro,O
3617,KAMAL KA EFFORT HAI YAAR,O
3618,Aray gussa aa gaya vidiyo dekh kar yaar,H
3619,Mashallah tumeh jaise log hamesha probelm banate hain yaar,H
3620,BHAI VERY CLEAN EDITING BHAI,O
3621,Mashallah faltu vidiyo banai hai bhai,H
3622,Bhai acha laga dekh kar yaar,O
3623,Aray tu samjhta kya hai!! apne :) aap ko bhai,H
3624,HAYE JHOOT BOLTA HY TUU!! YAAR nice,H
3625,Bhai tere jaise log sab bigad :P dete hain yaar,H
3626,Mashallah clear!!! aur easy steps yaar,O
3627,Bhai tere comments irritate karte hain!,H
3628,Mashallah tumhara style! alag hy yaar,O
3629,Yaar clear aur easy steps,O
3630,ARAY LAJAWAB!! EXPLANATION BHAI,O
3631,Bhai entertaining vidio :),O
3632,Haye sahi kaha tumne bro,O
3633,Mashallah veri helpful bhai,O
3634,Aray keep posting bro,O
3635,Aray bohat informative vidiyo hy bro,O
3636,Haye ajeeb bekaar banda! hey bhai,H
3637,BHAI PAGAL INSAAN BHAI,H
3638,Bhai pagal sa behaviour dikha raha hey :),H
3639,Bhai nice explanation yaar :P,O
3640,well explained bro,O
3641,Mashallah awesome creativity yaar,O
3642,Yaar veri helpful,O
3643,FALTU CONTENT UPLOAD KARTE REHTA HAII :),H
3644,Aray bakwas video :),H
3645,Yaar tere comments!! irritate karte hain bro,H
3646,Mashallah yaar :P tum talented ho yaar,O
3647,Bhai great job bro,O
3648,Yaar faltu harkatein band kar yaar,H
3649,Yaar informative kontent yaar,O
3650,excellent work bro bro,O
3651,Yaar nice!!! presentation bhai,O
3652,BHAI YE SAB JHOOT HAI BRO,H
3653,Yaar tujhe sharam nahi aati bhai,H
3654,Mashallah nalayak banda yaar haha,H
3655,Bhai gussa aa gyaa vidiyo :) dekh!! kar :),H
3656,Haye maza aagaya dekh kar bhai,O
3657,Mashallah bhai!! bohot achaah video hey bhai,O
3658,Haye great job bro :) bro,O
3659,Bhai entertaining video :),O
3660,yaar tum talented ho,O
3661,bilkul useless video yaar,H
3662,Bhai bhai tu kuch nahi jaanta yaar,H
3663,Aray dimagh ka dahi kar diya bro,H
3664,Aray yaar tum talented ho bhai,O
3665,Bhai koi sense nahi hai video mein yaar,H
3666,Bhai helpful for beginners yaar haha,O
3667,Bhai bakwas editing yaar ok,H
3668,Yaar gussa aa gaya video dekh kar,H
3669,Yaar respect for your hard work bhai lol,O
3670,Mashallah boht useful tips di yaar,O
3671,Aray sahi kaha tumne :) bhai,O
3672,Yaar bakwas editing bro,H
3673,Aray badtameez aadmi yaar,H
3674,Yaar yaar tu bohot funny! hai bro,O
3675,YAAR GREAT JOB :P BRO,O
3676,Aray proud of you bro bhai,O
3677,Aray nais try :),O
3678,good!! information di bro,O
3679,Bhai tume jaise logon ki wajah se internet kharab hai! bhai,H
3680,Bhai very clean editing :) bro,O
3681,Aray bakaws video,H
3682,tumhara content inspire karta hai bro haha,O
3683,Yaar tera kontent bakwas hy bro,H
3684,Mashallah bakwaas baatein mat kar bhai,H
3685,Yaar lajawab explanation yaar,O
3686,Yaar perfect explanation :),O
3687,Haye tume jaise!!! logon ki wajah!!! se internet kharab hy bro,H
3688,Mashallah kamal ka!! effort hai,O
3689,Yaar dimagh kharab kar dia haha,H
3690,Mashallah dimagh ka dahi kar diya bhai,H
3691,Yaar great energy bro yaar,O
3692,Mashallah tum jaise loooog! hamesha problem :P banate hain!!! nice,H
3693,Haye simple aur :) samajhne layak video haha,O
3694,Haye koi sense nahi hy video mein :),H
3695,Yaar superb yaar :),O
3696,bakwas editing :),H
3697,Yaar mashallah nice work bro,O
3698,Yaar bohat mehnat ki hey bhai lol,O
3699,Aray acha laga dekh kar bhai,O
3700,Aray nais!! msesage diya bro,O
3701,Yaar bakwaas baatein :) mat kar yaar,H
3702,tumhara reply acha!! laga bhai,O
3703,Haye shukriya share karne ke liye!!!,O
3704,tumh jaise log hamesha problem banate :P hain,H
3705,YAAR MAZA AAGAYA DEKH KAR YAAR bro,O
3706,Mashallah nice try bro,O
3707,Haye itna irritating kontent,H
3708,tum pagal hai kya :),H
3709,faltu content upload karte rehta hy :),H
3710,Aray good initiaitve :),O
3711,Aray bakwas vidiyo :),H
3712,Bhai boht achaah content hai bhai,O
3713,faltu :) vidiyo banai hai,H
3714,HAYE ZABARDAST EDITING,O
3715,Yaar dimagh ka dahi kar diya bhai,H
3716,Haye proud of you bro bhai,O
3717,Haye entertaining video bhai,O
3718,Aray informative kontent bro,O
3719,positive vibes!! only,O
3720,Mashallah bakwaas baatein mat kar,H
3721,tere comments irritate karte hain :),H
3722,Aray respect :) for your hard work bhai,O
3723,Aray bohat informative vidio haii,O
3724,respect for your hard work,O
3725,Bhai pagal insaan!! bro,H
3726,Yaar lajawab explanation bro ok,O
3727,Bhai ghatiya quality,H
3728,BHAI KEEP POSTING!! BHAI,O
3729,koi sense nahi hey video mein :),H
3730,Haye bakwas vidiyo!!!,H
3731,Aray dimagh ka :) pressure badha! diya video ne,H
3732,HAYE GHATIYA QUALITY BRO,H
3733,Aray tera!!! accent ajeeb hai bro,H
3734,YAAR KUCH SEEKH LE PEHLE BHAI,H
3735,Haye lajawab explanation :),O
3736,Mashallah dimagh ka! dahi kar diya yaar,H
3737,tu :P toh drama queen nikla bhai,H
3738,Mashallah gussa aa gaya video dekh kar bhai,H
3739,MASHALLAH GOOD! INFORMATION DI YAAR,O
3740,Mashallah tumhara content unique! hai bhai,O
3741,Yaar appreciate your effort bhai bro,O
3742,Haye informative content :),O
3743,Bhai ye sab faltu kontent :) hai :),H
3744,Haye faltu!!! content upload karte rehta haii,H
3745,Mashallah ye sab jhoot hy bhai lol,H
3746,Bhai simple aur samajhne layak video bro,O
3747,Yaar proud of you :P bro yaar,O
3748,Aray tera accent ajeeb hy :) bro,H
3749,Yaar perfect explanation bro lol,O
3750,Haye very clean editing yaar,O
3751,Aray tu toh!! pure time! waste hai bro,H
3752,Haye ye sab jhoot haiii bhai,H
3753,Mashallah gussa aa gaya video dekh kar bhai,H
3754,Haye clera aur easy steps yaar,O
3755,Mashallah best one on this topic!!! bro,O
3756,Aray tumeh jaise logon ki wajah se internet kharab hy :),H
3757,Yaar ghatiya quality,H
3758,Haye boht useful tips di,O
3759,YAAR CLEAR AUR EASY STEPS BRO,O
3760,Haye zabardast editing,O
3761,Yaar tumhara content inspire karta hai :) bhai,O
3762,Haye ganday :) jokes mat maar bhai,H
3763,Yaar good information di,O
3764,Yaar dimagh kharab kar!!! dia bhai,H
3765,kuch bhi :) bol deeeta hey tuu!!! yaar,H
3766,appreciate :) your effort bro,O
3767,Aray shukriya share karne ke liye yaar,O
3768,ajeeb :P bekaar!! banda hai yaar haha,H
3769,Mashallah good luck for next project bhai,O
3770,Aray good :P luck for next project bhai,O
3771,Haye faltu :) time waste yaar,H
3772,ARAY RPOUD OF :P YOU BRO BHAI,O
3773,Aray superb yaar bro,O
3774,Aray helpful for ebginners :),O
3775,Haye zyada smart mat ban bhai,H
3776,Yaar bakwaas baatein mat :) kar :),H
3777,HAYE INFORMATIVE KONTENT,O
3778,Haye dimagh ka :P dahi kar diya :),H
3779,Mashallah yaaaaar tuu bahot funny hai bhai,O
3780,Haye tuu toh pure tiiiime waste hai :P yaar,H
3781,Haye informative content bro,O
3782,Mashallah nalayak banda bro,H
3783,Mashallah tum kitna!!! ghatiya insan :) hey,H
3784,Aray simple aur samajhne layak video :) yaar,O
3785,Haye positive vibes only bhai,O
3786,Aray aise! kaam!! se kuch nahi hota :),H
3787,Yaar yaar tumh talented :) ho bhai,O
3788,Yaar kuch seekh le :P peehle bhai,H
3789,Yaar wow kya baat hey bhai,O
3790,Mashallah shurkiya share kanre ke liye bro,O
3791,bro :) tu kuch nahin jaanta bro haha,H
3792,Mashallah kuch bhi bol deta hai tu :),H
3793,ARAY YE SAB JHOOT HAI :),H
3794,Mashallah tumhara content inspire :) karta hey,O
3795,Haye bro bahot acha vidiyo hai,O
3796,Haye itna irritating content bro,H
3797,Aray nice tutorial,O
3798,Aray bohat informative vidiyo hai bhai bro,O
3799,Yaar naiis try bhai,O
3800,Mashallah pagal insaan bro,H
3801,zabardast editing :),O
3802,HAYE SIIIIMPLE AUR SAMAJHNE LAYAK VIDIYO :),O
3803,Aray nice message diya!!! bro,O
3804,Aray tumhara attitude pasand nahi aaya,H
3805,Mashallah kuch bhi bol! deta haii tu yaar,H
3806,gussa aa gaya video dekh!! kar bro,H
3807,Bhai ye :) sab jhoot hey :P bro,H
3808,Aray bakwaas baatein mat kar bro lol,H
3809,Yaar pagal sa behaviour!! dikha raha hy bhai,H
3810,Yaar faltu harkatein band kar bhai,H
3811,Mashallah itna! irritating content,H
3812,Mashallah tumhara sense of :) humor best hy :),O
3813,YAAR GHATIYA QUALITY,H
3814,Aray jhoot bolta hai tu yaar,H
3815,Haye tumh jaise! log hamesha problem banate hain bhai,H
3816,MASHALLAH AJEEB BEKAAR BANDA HAI :) haha,H
3817,Yaar yaar tum talented ho yaar,O
3818,Aray nais message diya yaar,O
3819,Bhai gussa aa gaya!!! video dekh kar :) haha,H
3820,Yaar awaaz irritate :P karti hai bhai,H
3821,Haye tuu sirf views ke liye kar raha hai bro,H
3822,pagal sa behaviour dikha raha haii!,H
3823,Yaar boht useful! tips di!!! bhai,O
3824,Mashallah naiis tutorial yaar,O
3825,Mashallah lajawab explanation :),O
3826,Mashallah faltu! video banai hai bhai,H
3827,Mashallah ghatiya qualiyt bro,H
3828,bhai bohot acha vidio hai bro,O
3829,Bhai tu!! pagal hey kyaa yaar lol,H
3830,Yaar yaar tum :) talented :) ho yaar,O
3831,Bhai simple aur :) samajhne layak video bro,O
3832,Bhai tumeh jaise log hamesha problem banate hain bhai,H
3833,tumhara content unique hai bhai,O
3834,Haye tumhara reply accha laga :) lol,O
3835,Aray very :) helpful bhai lol,O
3836,positive vibes only bhai,O
3837,well!!! done :),O
3838,Aray dimagh kharab kar dia bro,H
3839,Aray pagal insaan :),H
3840,Mashallah pagal insaan,H
3841,Yaar tu sirf views ke liye!! kar raha hey :),H
3842,Yaar bhaiy bohot acha video haii,O
3843,Aray ajeeeb bekaar banda hey bro,H
3844,bohat mehnat ki haii bhai,O
3845,Bhai ye :P saab!! nafrat failata :) haii :),H
3846,Bhai excellent! work bro!!! :),O
3847,Mashallah pagal sa behaviour dikha raha hy bhai,H
3848,Yaar faltu harkatein band kar,H
3849,Haye entertaining video :) yaar,O
3850,LAJAWAB EXPLANATION :),O
3851,Mashallah very! clean editing bhai,O
3852,Haye tere comments irritate karte hain yaar,H
3853,Haye tere jaise log sab bigad dete hain :P :),H
3854,Haye gr8 energy bro :) bhai,O
3855,BHAI YAAR TUMH!!! TALENTED HO BRO,O
3856,Haye tum jaise logon! ki wajah se internet kharab hai bro bro,H
3857,Yaar great energy bro bro lol,O
3858,Yaar tera content :) bakwas hai bro,H
3859,Aray keep it up yaar,O
3860,Haye shukriya share karne ke liye!!! bhai,O
3861,Aray koi sense :) nahin haii vidio :) mein yaar,H
3862,Mashallah mashallah nice work bro,O
3863,Mashallah yaar tu bohut! funny hai,O
3864,Mashallah well :) explained bhai,O
3865,Mashallah dil khush kar diya :),O
3866,dil khush kar diya :),O
3867,Aray cool video bro,O
3868,Bhai tum toh drama :) queen nikla yaar,H
3869,Bhai zabardast editing bro,O
3870,Aray cool vidiyo :P,O
3871,Bhai very helpful yaar,O
3872,Haye tumhara reply acha laga bro,O
3873,Haye acha laga :) dekh kar yaar,O
3874,Mashallah bohat informative vidiyo!! haii bro,O
3875,Yaar tum toh drama! queen nikla,H
3876,Bhai proud!!! of you bro! bro,O
3877,Yaar great energy bro,O
3878,Haye cool!!! vidio bro,O
3879,MASHALLAH KEEEEEP :P IT UP BRO,O
3880,ye sab nafrat failata haii bhai,H
3881,YAAR SUPERB YAAR YAAR,O
3882,Yaar achaah laga dekh kar bhai,O
3883,Aray bakwas editing!! haha,H
3884,Mashallah cool video bhai,O
3885,faltu time!!! awste,H
3886,Mashallah ghatiya quality yaar,H
3887,ARAY TUMHARA SENSE OF HUMOR BEST HEY,O
3888,Bhai jhoot bolta hey tu!! bro,H
3889,good luck for!! next project,O
3890,HAYE AIES KAAM SE KUCH NAHI HOTA BRO,H
3891,ARAY KEEP IIT UP :),O
3892,Aray nice try yaar ok,O
3893,Bhai dimagh kharab kar dia!!,H
3894,HAYE KEEEP POSTING YAAR,O
3895,Yaar very clean editing :),O
3896,Yaar bohat informative vidio hai! bhai,O
3897,Haye kuch seekh le pehle yaar,H
3898,Aray woow kyaa baat hai :) :),O
3899,Mashallah awesome creativity bro,O
3900,Bhai awesome!!! creativity bro,O
3901,YE SAB FALTU KONTENT HAI,H
3902,Haye tum toh drama queen :) inkla,H
3903,Bhai tereee jaise log sab bigad dete hain,H
3904,superb yaar :),O
3905,Bhai bhai bahot achaa video hai bhai,O
3906,Mashallah perfect explanation bhai,O
3907,Bhai ye sab faltu content haii,H
3908,proud of you bro bhai,O
3909,Haye lajawab explanation,O
3910,tu pagal haii kyaa!!,H
3911,Yaar tumhara! attitude pasand nahin aaya haha,H
3912,Yaar maza aagaya dekh kar bro,O
3913,Bhai appreciate your effotr yaar,O
3914,Aray informative content :) nice,O
3915,Mashallah shukriya share karne ke liye yaar,O
3916,bhai bahot acha video haii bro,O
3917,boht useful tips di bro haha,O
3918,Haye superb yaar bhai,O
3919,Bhai superb! yaar bhai,O
3920,Mashallah keep posting yaar,O
3921,good information :P di :),O
3922,Haye dimagh ka dahi kar!!! diya yaar,H
3923,Yaar nalayak banda bro,H
3924,Aray tumhara kontent inspire karta hey bro,O
3925,Aray bilkul useless video bro ok,H
3926,Aray tera kontent bakwas hai yaar,H
3927,Haye boht useful tips di,O
3928,Haye naiis!! tutorial,O
3929,Aray great energy! bro bro,O
3930,Aray helpful for beginners bro bro,O
3931,Aray zyada smart mat ban,H
3932,Aray ye!! sab jhoot hai bro,H
3933,Mashallah bilkul useless video :),H
3934,Bhai mashallah nice work bro,O
3935,Aray naiis explanation yaar,O
3936,Mashallah bhai bohut :) acha vidio hai :),O
3937,Haye tum jaise logon kii wajah se!! internet!! kharab hey yaar,H
3938,YAAR PAGAL INSAAN BRO,H
3939,Aray appreciate your effort bhai ok,O
3940,Haye well done,O
3941,Yaar badtameez aadmi :),H
3942,Bhai tujhe sharam nahi aati bro,H
3943,Haye proud of you bro yaar,O
3944,Aray pagal sa behaviour dikha raha hai,H
3945,Bhai nalayak banda bhai,H
3946,KUCH SEEKH LE! PEHLE :),H
3947,Aray respect :) for your hard work,O
3948,Yaar dil khush kar diya :),O
3949,Mashallah well explained :),O
3950,Aray aise kaam se kuch nhi hota :P yaar,H
3951,Haye nalayak banda yaar,H
3952,HAYE BAKWAAS BAATEIN MAT KAR YAAR nice,H
3953,Aray mujhe ye video pasand aaya yaar,O
3954,Mashallah teraaa!! accent ajeeb hai bro,H
3955,Aray clear aur easy steps bhai,O
3956,clear :) aur easy steps yaar,O
3957,tuu :) toh drama queen nikla bhai haha,H
3958,Bhai tu :) toh drama! queen nikla bro,H
3959,Yaar ye kyaa bakwas logic hey,H
3960,Aray informative content,O
3961,Mashallah bilkul!! useless video :) lol,H
3962,Aray jhoot bolta hai tum yaar,H
3963,Mashallah koi sense nahin hai vidiyo mein bhai,H
3964,Haye tu! kitna ghatiya insan hai,H
3965,Bhai tuu pagal hai kya bro,H
3966,Mashallah ye sab jhoot hai bro,H
3967,Bhai proud of you bro,O
3968,Bhai pagal :) sa behaviour dikha raha hy yaar,H
3969,Yaar very :P clean editing!! bhai,O
3970,Bhai mashallah nice work bhai,O
3971,Aray tu samjhta kya hai apne aap ko bro,H
3972,Yaar yaar tum talented ho bhai,O
3973,Aray awesome creativity bhai,O
3974,Aray lajawab explanation bro,O
3975,Aray cool video :) :),O
3976,Yaar gussa aa gaya vidio :P dekh kar,H
3977,Mashallah tumhara content inspire karta haii bhai,O
3978,Yaar cool video :),O
3979,faltu! harkatein band kar yaar,H
3980,Bhai nice explanation yaar,O
3981,Mashallah tumhara style alag hai,O
3982,Yaar tera accent ajeeb hai bro,H
3983,Haye cool video bro nice,O
3984,Mashallah tere jaise log sab bigad dete hain :P bro,H
3985,Haye appreciate your effort! bro,O
3986,Bhai tumh jaise! logon ki wajah!! se!! internet kharab hai :),H
3987,Mashallah excellent work bro bro,O
3988,Yaar zyada smart mat ban :) yaar,H
3989,tera accent ajeeb hai bro,H
3990,Haye wow kia baat hai bro,O
3991,Mashallah tu samjhta kia hy apne aap!! ko bro,H
3992,Haye bilkul useless!!! vidio,H
3993,Haye bakwas vidiyo bhai,H
3994,very :P helpful,O
3995,boht useful tips di yaar,O
3996,Aray gud information di bro,O
3997,Haye itna irritating!! content bro,H
3998,Haye very helpful!! :),O
3999,Aray gussa aa gaya vidio dekh kar bro,H
4000,Aray kuch!! seekh le pehle bhai,H
4001,Mashallah nice explanation yaar :),O
4002,Yaar kya faltu insan :) hai yaar ok,H
4003,Aray very clean editing yaar,O
4004,Mashallah itna irrittaing content :P yaar bro,H
4005,Haye very clean editing bhai,O
4006,Bhai faltu!! video banai haii bro,H
4007,Bhai ye sab nafrat failata hai :),H
4008,Aray tujheee sharam nahi aati bro,H
4009,bakwas vidio bro,H
4010,pagal sa behaviour dikha raha :) hai!! bro,H
4011,Haye good initiative bro bro,O
4012,Haye tera accent ajeeb haii :),H
4013,Aray tumhara!!! attitude pasand nahi aaya,H
4014,YAAR EXCELLENT WORK BRO BHAI,O
4015,Haye ghatiya quality,H
4016,Mashallah dimagh ka pressure badha diya video ne :),H
4017,BHAI NALAYAK BANDA BHAI bro,H
4018,Aray bohat mehnat ki hai bro,O
4019,Yaar pagal insaan bro,H
4020,Yaar bakwas editing bro,H
4021,Aray awaaz irritate karti hai yaar,H
4022,xecellent work bro bro,O
4023,Bhai dimagh kharab kar dia bro,H
4024,bhai tu kuch nahi jaanta :),H
4025,Aray zyada smart mat ban :) yaar,H
4026,Bhai tujhe sharam :) nai aati yaar,H
4027,faltu kontent upload karte rehta hai :),H
4028,Haye bohat mehnat ki hai bhai,O
4029,Yaar bakwaas baaaaatein mat kar bro,H
4030,Aray well :) explained bro,O
4031,Mashallah tumhara reply accha laga :),O
4032,Bhai badtameez aadmi! yaar,H
4033,Mashallah bilkul useless!! video! bhai ok,H
4034,tuu toh drama queen nikla :) ok,H
4035,bakwaas baatein mat kar,H
4036,BHAI TU KITNA GHATIYA INSAN :) HAI,H
4037,Aray proud of you bro :) haha,O
4038,Haye shukriya share :) karne! ke liye yaar,O
4039,YAAR GHATIYA :P QUALITY :P BRO,H
4040,Mashallah ajeeb bekaar banda hey,H
4041,Bhai proud of you bro bro,O
4042,Haye lajawab explanation yaar lol,O
4043,Bhai keep it!! up yaar,O
4044,Aray tere comments irritate karte hain bhai,H
4045,Haye very clean editing bro,O
4046,tera content bakwas :) hai haha,H
4047,Aray bro!!! bohot acha vidio hai yaar,O
4048,Aray itna irritating kontent bhai ok,H
4049,Bhai faltu :) tmie waste bhai,H
4050,Aray boht useful :) tips di yaar,O
4051,Aray positive vibes only,O
4052,Bhai yaar tuu :) bohot funny hy,O
4053,Bhai nice!!! tutorial yaar,O
4054,Bhai yaar! tu bohot funny hai,O
4055,Aray good initiative yaar,O
4056,Yaar faltu vidio banai hai bhai,H
4057,kuch seekh le pehle yaar,H
4058,Bhai superb yaar bhai,O
4059,Bhai good initiative bhai,O
4060,Mashallah zyada smart :) mat ban bhai,H
4061,Yaar ye sab nafrat failata hey,H
4062,Yaar lajawab explaaaanation yaar,O
4063,Aray bilkul useless vidio :),H
4064,ayar tu bohot funny hai :) haha,O
4065,Mashallah simple aur samajhne lyaak video :) haha,O
4066,Yaar tum jaise :P log hamesha problem!!! banate :) ahin yaar,H
4067,Yaar kuch seekh le pehel :) lol,H
4068,Bhai kamal ka effort hey bhai nice,O
4069,Aray ye sab jhoot hai bro,H
4070,great energy! bro yaar,O
4071,Bhai faltu!! kontent upload!! karte reeehta hai ok,H
4072,itna irritating kontent bhai,H
4073,BHAI ZABARDAST EDITING :) BRO,O
4074,Haye dimagh kharab kar dia! bro,H
4075,Haye veri helpful bhai,O
4076,KUCH BHI BOL DETA HAII TU BHAI,H
4077,tumhara content unique hai bro,O
4078,tu! toh pure :) time!! waste hai bro,H
4079,Bhai lajawab explanation bhai,O
4080,Mashallah tu samjhta kya hai apne aap ko bro,H
4081,Aray maza aagaya dekh kar yaar,O
4082,Yaar great energy bro bhai haha,O
4083,Bhai excellent work bro yaar,O
4084,Mashallah tere jaise log sab bigad :) dete hain bro,H
4085,Mashallah boht acha kontent haii bro,O
4086,Yaar bakwas!!! editing yaar,H
4087,Yaar respect for your hard work bhai,O
4088,Aray ganday jokes!!! mat! maar :) bro nice,H
4089,Haye tum kitna ghatiya insan haii yaar,H
4090,Mashallah dil khush kar diya yaar,O
4091,Haye tera content bakwas haii bro,H
4092,Aray tumhara sense of humor best hy bro bro,O
4093,Haye well done :),O
4094,BHAI INFORMATIVE CONTENT :),O
4095,Bhai bakwaas baatein mat kar yaar,H
4096,Haye bakwas editing,H
4097,BHAI KEEP POSTING YAAR,O
4098,YAAR TERE COMMENTS IRRITATE KARTE HAIN YAAR,H
4099,Haye good luck for :) next project :) lol,O
4100,Aray dimagh ka pressure badha diya vidiyo ne bro,H
4101,Yaar aise kaam se kuch nahin hota yaar haha,H
4102,Yaar lajawab explanation :) bro,O
4103,helpful for beginners bro,O
4104,Aray boht acha content hai :),O
4105,Haye gr8 energy bro yaar,O
4106,Haye positive vibes only bhai,O
4107,Haye batdameez aadmi :),H
4108,Mashallah keaa faltu!! insan hai bro,H
4109,helpful for beginners! bhai,O
4110,Yaar tumhara!!! reply acha laga bhai,O
4111,superb :P yaar bhai,O
4112,Aray koi sense nahin hey vidiyo :) mein yaar nice,H
4113,best one on this topic!!! yaar,O
4114,Aray ye! kyaa bakwas logic hai bro,H
4115,Aray excellent!! work bro :),O
4116,Bhai kuch seekh le pehle!,H
4117,YAAR BOHAT INFORMATIVE VIDEO HY BHAI,O
4118,Haye bakwaas baatein mat kar,H
4119,TUMHARA ATTITUDE!!! PASAND NAHI AAYA BHAI,H
4120,Haye bhai :P bahot acha video hai :) ok,O
4121,Bhai yaar tuu bohot funny hai yaar,O
4122,gussa aa gaya video dekh kar :),H
4123,Haye ganday jokes mat maaaaar :),H
4124,Yaar ganday!!! jokes mat!! maar,H
4125,Bhai pagal sa ebhaviour dikha raha haii bhai,H
4126,Haye pagal sa behaviour dikha rahaaaa! hai bro,H
4127,Bhai tum sirf views ke liye kar raha hey bro,H
4128,Bhai tumhara attitude pasand :P nahi aaya bro,H
4129,jhoot bolta hai :P tum yaar,H
4130,Aray tumhara sense of humor best hai bhai,O
4131,kamal :P ka effort hy yaar lol,O
4132,Bhai wow keaa baat hai :),O
4133,Mashallah ganday jokes mat maar bro,H
4134,Haye kia faltu insan hai :),H
4135,Yaar bhai tuu kuch nahi jaanta :) bhai,H
4136,Mashallah ajeeb bekaar! banda haii,H
4137,Bhai dimagh ka pressure badha diya video!! ne!! yaar,H
4138,Yaar clear aur!! easy!!! steps,O
4139,Bhai wow kya baat hai,O
4140,Mashallah nais! try bro,O
4141,Bhai lajawab explanation bhai,O
4142,Aray excellent work bro!! :) ok,O
4143,Bhai awaaz irritate karti hai,H
4144,Haye ajeeb bekaar banda hai :),H
4145,Haye bilkul useless vidiyo bhai,H
4146,Mashallah tumhara reply acha laga bro,O
4147,Bhai tumhara attitude pasand nai aaya,H
4148,Yaar best one on this topic,O
4149,Haye dimagh kharab kar dia :P,H
4150,Aray tume jaise logon ki wajah se! internet kharab hai :) yaar,H
4151,Mashallah positive vibes only bhai ok,O
4152,Mashallah appreciate your effort yaar,O
4153,Mashallah ghatiya!! quality yaar bro,H
4154,Bhai jhoot bolta hy tuu,H
4155,Haye faltu vidio banai hai :),H
4156,bilkul uesless video bro,H
4157,Aray ye keaa bakwas logic hey yaar,H
4158,Haye gud initiative bro,O
4159,Bhai bohat informative video hai,O
4160,Haye entertaining vidio bro,O
4161,Aray faltu harkatein band kar bhai,H
4162,MASHALLAH GHATIAY QUALITY BHAI,H
4163,Bhai very clean editing bro,O
4164,Haye jhoot bolta hy tum :),H
4165,Aray ewll done :),O
4166,Bhai ewll explained yaar,O
4167,ganday jokes mat maar bhai,H
4168,Aray bakwaas baatein mat kar bhai,H
4169,Mashallah tumhara content inspire karta haii yaar,O
4170,Aray nice try yaar,O
4171,ye kyaa bakwas logic :) haii :) haha,H
4172,gud :) initiative,O
4173,great job :P bro bhai,O
4174,Bhai woow kya :P baat hai yaar,O
4175,Aray koi sense nai haii video mein :),H
4176,Aray dimagh ka pressure badha diya video ne bhai,H
4177,Yaar tuu :P kitna ghatiya insan hai bhai,H
4178,Haye helpful fooor beginners bro,O
4179,excellent work bro bhai ok,O
4180,dimagh ka dahi kar diya,H
4181,tere comments irritate karte hain yaar,H
4182,Aray tumhara attitude pasand! nhi aaya :),H
4183,Bhai kuch seekh le pehle!!! yaar haha,H
4184,Aray informative content bro,O
4185,Bhai aise kaam se :P kuch!! nhi hota bro,H
4186,YAAR SAHI KAHA :) TUMNE BHAI,O
4187,Mashallah entertaining video bhai,O
4188,Haye ganday jokes mat maar bhai,H
4189,Haye kuch bhi bol deta hai tu bro,H
4190,Aray tumhara attitude pasand nahi aaay! yaar,H
4191,Haye faltu harkatein band kar yaar,H
4192,Haye tumh! jaise logon ki wajah se internet! kharab :P hai :),H
4193,Bhai yaar tum talented ho bhai bro,O
4194,Mashallah badtameez aadmi bro,H
4195,Haye clear!!! aur easy steps bhai,O
4196,ye sab faltu :) content hey :) bro,H
4197,Bhai respect for your hard work :) ok,O
4198,HAYE TERA ACCENT AJEEB HAI BHAI,H
4199,Mashallah itna overacting kyu karta haii,H
4200,Bhai lajawab explanation bhai,O
4201,Yaar tumh jaise! lgoon ki wajah se internet kharab!!! hey!! bro,H
4202,Mashallah yaar tu bahot funny :P hy bro,O
4203,Mashallah maza aagaya dekh kar :),O
4204,shukriya share karne ke!!! liye bro,O
4205,Mashallah keaa faltu insan hai :),H
4206,zabardast editing,O
4207,Aray dmiagh kharab kar dia bro,H
4208,Haye jhoot bolta hai tum :) bro,H
4209,Aray nice message diya yaar,O
4210,bohat mehnat ki!!! haii,O
4211,Aray excellent work!! bro,O
4212,MASHALLAH KOI!! SENSE NHI HEY!!! VIDIO!! MEIN BHAI,H
4213,tumhara content inspire karta haii yaar,O
4214,Haye ye kia bakwas logic hy :),H
4215,Bhai itna overacting kyu karta hai :) yaar,H
4216,MASHALLAH TUMHARA SENSE OF HUMOR! BEST HAI :) YAAR,O
4217,Bhai awaaz irritate karti hai yaar,H
4218,dimagh ka pressure badha diya video ne bro,H
4219,Yaar tum jaise logon ki! wajah se internet kharab hai bhai bro,H
4220,Bhai bro bohot acha video hey bhai,O
4221,Aray pagal :) sa behaviour dikha raha hai :),H
4222,keep it up,O
4223,MASHALLAH WELL :) DOEN,O
4224,Aray tume :P jaise logon ki wajah se internet kharab hey,H
4225,Yaar tumhara sense of humor best :) hey yaar,O
4226,MASHALLAH AWSEOME! CREATIVITY BRO,O
4227,Haye zabardast editing bhai,O
4228,Yaar tum!! toh drama queen nikla bhai,H
4229,appreciate yuor effort bro,O
4230,Aray faltu harkatein band kar :) haha,H
4231,Bhai dil khush kar diya yaar,O
4232,Aray maza aagaya dekh kar yaar,O
4233,Haye tera accetn ajeeb!! hey yaar,H
4234,Bhai very helpful yaar,O
4235,Aray appreciate your!!! effort bhai,O
4236,bohat!! informative video :) hai bro,O
4237,Bhai bilkul useless viedo :),H
4238,Haye ajeeb bekaar banda hai yaar,H
4239,Mashallah tera accent ajeeb haii bro,H
4240,Mashallah tu toh!!! drama queen nikla,H
4241,ARAY WELL DONE,O
4242,tumhara sense of humor! best hai bhai,O
4243,Aray awesome creativity yaar,O
4244,positive vibes only nice,O
4245,Bhai maza aagaya dekh kar bhai,O
4246,HAYE BAKWAS VIDEO BRO,H
4247,tera kontent bakwas hy bhai,H
4248,Aray wow kia baat hy!!! bhai,O
4249,gud information! di yaar,O
4250,appreciate your effort :),O
4251,Aray itna overacting kyu karta hai,H
4252,Haye awesome creativity yaar bro,O
4253,perfect explanation yaar,O
4254,Bhai tumhraa kontent unique hy yaar,O
4255,Haye awesome creativity bro,O
4256,Mashallah dimagh ka dahi kar diya!! :),H
4257,Haye simple aur samajhne!!! layak video,O
4258,Haye keep it :) up yaar,O
4259,ARAY BOHT ACHA CONTENT HAI YAAR,O
4260,Aray aise kaam!!! se kuch nahi hota!! :),H
4261,GREAT ENERGY BRO BRO,O
4262,Yaar tumhara!!! reply acha laga bhai,O
4263,Mashallah bhai tuu kuch nahi jaanta bro,H
4264,Bhai dimagh kharab kar dia :) bhai,H
4265,clear aur :) easy steps bro,O
4266,Haye respect for your hard work :),O
4267,best one on this topic bro,O
4268,Aray tujhe sharam :P nahi atai,H
4269,Aray faltu time waste bro,H
4270,Aray nice explanation :) yaar bro haha,O
4271,Haye tumhara!!! styleeee alag haii bro,O
4272,Yaar tera accent :) ajeeb hy,H
4273,Bhai ye sab :) faltu content hai :) ok,H
4274,Bhai badtameez aadmi bhai,H
4275,Mashallah gr8 energy :) bro yaar,O
4276,excellent work bro bro,O
4277,Yaar ye kyaa bakwas logic haii,H
4278,Haye awesome :P creativity yaar,O
4279,Aray tumhara reply!! acha laga! yaar,O
4280,Mashallah tuu samjhta kya hai apne aap ko,H
4281,Bhai itna overacting kyu karta haii!! bro,H
4282,Haye tum jaise logon ki wajah!! seeee internet kharab hai :),H
4283,Yaar badtameez aadmi bro,H
4284,Bhai boht useful tips di bhai nice,O
4285,Haye faltu harkatein band kar bro,H
4286,MASHALLAH GUSSA AA GAYA VIDEO DEKH KAR :) haha,H
4287,Haye bohat :P informative vidiyo haii yaar,O
4288,Mashallah koi sense nahi hai video! mein yaar,H
4289,Aray great energy bro bhai,O
4290,Haye boht accha content hai bro,O
4291,ye sab jhoot hy! lol,H
4292,Yaar pagal sa behaviour dikha raha hai bhai,H
4293,Mashallah zaabrdast editing yaar,O
4294,Mashallah dimagh kharab kar! dia bhai,H
4295,Mashallah keep posting!! yaar,O
4296,positive vibes! only :),O
4297,Yaar awesome creativity lol,O
4298,Mashallah wow kya baat hai :),O
4299,Aray appreciate your effort yaar,O
4300,Haye ganday jokes mat maar bro,H
4301,Yaar yaar tu bohot funny hai! yaar haha,O
4302,HAYE NICE MESSGAE :P DIYA,O
4303,Bhai tera content :) bakwaaas hey yaar,H
4304,Mashallah great energy bro,O
4305,Mashallah gussa :) aa gaya :) vidiyo dekh kar bhai,H
4306,Aray tumhara! content inspire karta hai,O
4307,ghatiya quality bhai haha,H
4308,Bhai gud luck for :P nxet project yaar,O
4309,Bhai kuch seekh le pehle bhai,H
4310,HAYE KYA FALTU INSAN HAI YAAR,H
4311,Bhai great jooob bro bhai,O
4312,Aray samajh nahi aata kya kar raha haii,H
4313,Bhai helpful for beginners :),O
4314,Haye tum!! jaise logon ki wajah se! internet kharab hai :),H
4315,Mashallah itna :) overacting kyu karta hai bro,H
4316,Aray tum pagal hai kyaa yaar,H
4317,Haye pagal insaan yaar,H
4318,Haye ye sab!!! faltu content :) hai bro,H
4319,Mashallah tujhe!!! sharam nahi aati!! :),H
4320,Aray keep :) it up bhai,O
4321,kamal ka effort haii :),O
4322,Haye awaaz!!! irritate karti hai :),H
4323,Yaar tuu kitna! ghatiya insan :) haii :),H
4324,Yaar mashallah nice work,O
4325,Mashallah cool video bro nice,O
4326,Bhai best!!! one oooon this topic bro bro,O
4327,Haye kuch seekh le pehle yaar,H
4328,Mashallah bohat informative :P video hy!,O
4329,Haye yaar tum talented ho bhai,O
4330,Haye nice presentation! bhai,O
4331,Mashallah itna irritating content yaar ok,H
4332,Aray ye sab nafrat failata hai bro,H
4333,HAYE SIMPLE AUR SAMAJHNE LAYAK VIDEO,O
4334,Haye bilkul :) useless vidiyo yaar,H
4335,Yaar well done yaar,O
4336,Yaar pagal insaan bro,H
4337,Yaar ye kia bakwas logic hai!! :) haha,H
4338,Mashallah entertaining video bro,O
4339,Yaar helpful :P for beginners,O
4340,Mashallah mujhe ye :) video pasand aaya :),O
4341,Mashallah lajawab explanation yaar,O
4342,Yaar tuu pagal hai kya :) lol,H
4343,Haye tum sirf views ke! liye kar raha hy!!,H
4344,Haye tumeh!! jaise logon! ki wajah :P se internet kharab hy bro,H
4345,Bhai tumhara attitude pasand nahi aaya bro,H
4346,Aray bakwas video yaar lol,H
4347,MASHALLAH FALTU VIDIO BANAI HAI,H
4348,Yaar respect for!! your hard!!! wokr!!,O
4349,kamal ka effort hai yaar,O
4350,Yaar great energy bro yaar bro,O
4351,Aray tu toh!! drama queen nikla bro,H
4352,YAAR TUM PAGAL HAII KIA :),H
4353,Haye great job bro yaar,O
4354,Mashallah positive vibes only :),O
4355,Bhai nice tutorial bro,O
4356,Yaar clear aur easy steps bro nice,O
4357,Aray bilkul useless video! :),H
4358,Yaar tere jaise log :) sab bigad dete hain yaar,H
4359,Mashallah shukriya share karne ke liye :P yaar,O
4360,Mashallah gussa aa gaya vidio dekh kar bhai,H
4361,Haye entertaining :P vidiyo :) yaar haha,O
4362,yaar tumeh :) talented ho bro,O
4363,Yaar keep it up bro,O
4364,Aray tumhara reply acha lgaa yaar,O
4365,ARAY WELL EXPLAINED :) lol,O
4366,keep posting,O
4367,Mashallah jhoot bolta hai tu :),H
4368,Bhai zyada smart mat ban bhai,H
4369,proud of you bro :),O
4370,Yaar bakwaas baatein mat kar :),H
4371,Yaar keep posting bhai,O
4372,Yaar naiis tutorial bhai,O
4373,Aray faltu video banai hai bhai,H
4374,tumhaar sense of humor best hy :),O
4375,Mashallah awaaz irritate karit hey yaar,H
4376,Yaar fatlu kontent upload karte rehta hey :),H
4377,tu toh pure!!! time waste hai :),H
4378,Aray very :) helpful! yaar,O
4379,Mashallah dil khush kar :) diya yaar,O
4380,MASHALLAH BEST ONE ON THIS TOPIC :) lol,O
4381,Bhai yaar tu bohot funny hai yaar,O
4382,Bhai boht acha content hai bro,O
4383,Yaar yaar tu bohot funny hai :),O
4384,Bhai tera accent ajeeb hai yaar,H
4385,HAYE FALTU!!! HARKATEIN BAND!!! KAR! BRO,H
4386,Bhai ye sab nafrat failata hai bhai,H
4387,bakwaas baatein mat kar bhai nice,H
4388,Mashallah faltu video banai hy!! bro,H
4389,tumhara reply acha laga bhai,O
4390,MASHALLAH TUM KITNA GHATIYA INSAN HAII BRO,H
4391,Bhai boht useful tips di,O
4392,Yaar naiis message diya!! bro,O
4393,Aray very clean :) editing :),O
4394,Haye zyada smart :) mat ban,H
4395,mujhe ye vidio pasand aaya :),O
4396,Bhai nice!!! presentation,O
4397,Yaar tujhe sharam nahi aati bro,H
4398,Haye kamal ka effort haii :) bro ok,O
4399,Bhai good initiative bhai,O
4400,Aray tumhara content inspire karta hai,O
4401,Bhai ajeeb bekaar banda haii :) ok,H
4402,tumhara content unique!! hai bhai nice,O
4403,Aray kamal ka effort hai bhai,O
4404,HAYE TU KITNA GHATIYA :P INSAN HAII BHAI,H
4405,Mashallah shukriya share karne ke liye bhai,O
4406,Mashallah gud luck for next project :),O
4407,YAAR GANDAY! JOKES MAAT MAAR BRO lol,H
4408,kuch bhi bol deta :P hai tu,H
4409,Haye bakwas editing bro,H
4410,Mashallah accha laga dekh kar :) :),O
4411,NALAYAK BANDA BHAI,H
4412,tere comments irritate karet :) hain bhai,H
4413,YAAR AISE KAAM SE KUCH NAHI HOOOTA YAAR,H
4414,Haye sahi kaha tumne :P bro,O
4415,Bhai kuch bhi!!! bol deta hai tum yaar,H
4416,Bhai dimagh ka dahi kar :) diya yaar,H
4417,Aray itna overacting kyu karta haii bro,H
4418,maza :P aagaya dekh kar :),O
4419,Yaar ye sab nafrat failata hey bro,H
4420,Mashallah ye sab faltu content hai lol,H
4421,Aray pagal :) insaan bro,H
4422,Yaar cool video bhai,O
4423,Aray great energy bro,O
4424,Yaar acha laga dekh kar,O
4425,tumhara content :P unique hai bhai bro,O
4426,Mashallah sahi kaha tumne :) haha,O
4427,Haye samajh nhai aata kya kar raha hai yaar,H
4428,dil khush kar diya yaar,O
4429,Yaar dimagh ka dahi kar diya :),H
4430,Haye well done yaar,O
4431,HAYE DIMAGH KA DAHI KAR DIYA :),H
4432,Aray zabardast editing yaar,O
4433,Bhai nice!!! explanation yaar ok,O
4434,tujhe sharam nahin!!! aati :),H
4435,KEEP IT UUUP,O
4436,Bhai kuch seekh le pehle bro,H
4437,Haye respect for your hard work bhai bro,O
4438,Bhai gussa aa gaya video dekh kar :) :),H
4439,kuch bhi!! bol deta haii tu bro,H
4440,ARAY TUM SIRF VIESW KE!! LIYE KAR RAHA HAI,H
4441,Haye gussa aa gaya video dekh kar :),H
4442,Mashallah bakwas editing,H
4443,ARAY ACHAAH LAGA DEKH KAR,O
4444,Mashallah positive vibes only,O
4445,Haye tu toh drama queen!! nikla yaar,H
4446,tu kitna ghatiya insan haii bhai,H
4447,Yaar naiis message diay,O
4448,MASHALLAH MUJHE YE VIDEO PASAND AAYA BHAI,O
4449,Haye ye!! sab nafrat failata hai nice,H
4450,Haye good initiative :) nice,O
4451,Aray perfect explanation bro,O
4452,Mashallah nice try bro,O
4453,Yaar good information di bro ok,O
4454,Aray kuch sekeh le pehle bhai,H
4455,Yaar tuhmara attitude pasand nahi aaya bhai,H
4456,Aray lajawab explanation bro,O
4457,Bhai helpful :) for begiiiinners yaar,O
4458,Bhai kuch bhi bol deta!! haii tum :) :),H
4459,Aray jhoot bolta haii tu,H
4460,ARAY TUU SAMJHTA KYAA HAI :) APNE AAP KO BRO,H
4461,Bhai dimagh ka dahi kar diya bhai nice,H
4462,Mashallah keep it up yaar,O
4463,Haye jhoot bolta hai :) tu,H
4464,helpful for beginners bhai,O
4465,Aray positive vibes only yaar,O
4466,BHAI TUME!! JAISE LOGON KI WAJAH SE INTERNET KHARAB HY,H
4467,Aray tujhe :) sharam nahi aati bhai,H
4468,Bhai pagal sa behaviour dikha raha hai bro,H
4469,Mashallah mashallah nice work,O
4470,Aray naiis tutorial :) :),O
4471,Mashallah tumhara reply acha laga :),O
4472,Bhai dmiagh kharab kaaaar dia,H
4473,Yaar itna irritating :P content :),H
4474,BHAI GR8 ENERGY :) BRO :),O
4475,Bhai awesome creativity,O
4476,Mashallah yaar!! tu boht funny hai bro,O
4477,Haye good luck for :) next project yaar,O
4478,faltu kontent :) upload karte :) rehta! hai :),H
4479,yaar!! tume talented ho,O
4480,Aray kuch :P bhi bol deta hai tu bro,H
4481,Mashallah tum sirf views ke!!! liye kar raha hai :),H
4482,Bhai simple!!! aur samajhne layak! video haha,O
4483,Haye koi sense nahi hai vidiyo mein yaar,H
4484,Haye bakwas :P video bhai,H
4485,koi sense nahi hai video mein bro,H
4486,Haye helpful for beginners!! yaar,O
4487,Haye kamal ka effort hey yaar,O
4488,Bhai tumhara sense :P of humor best haii bro nice,O
4489,Mashallah dimagh ka pressure badha! diya vidiyo ne :),H
4490,MASHALLAH DIL KHUSH KAAR DIYA BHAI,O
4491,Haye ye sab jhoot haii bhai,H
4492,bakwas vidio bro,H
4493,Haye faltu time :P waste,H
4494,Mashallah bakwaas baatein mat kar haha,H
4495,Aray tu kitna ghatiya insan hai :) yaar,H
4496,Yaar beeeest one on :P this topic :P bhai,O
4497,YAAR NICE EXPLANATION YAAR!!! BHAI,O
4498,Aray ajeeb bekaar banda hy bro,H
4499,Yaar faltu harkaatein :P band kar bro,H
4500,Haye nice presentation,O
4501,BHAI MUJHE YE VIDEO PASAND AAYA :),O
4502,Haye itna overacting :P kyu karta haii yaar,H
4503,Haye clear aur easy steps bhai,O
4504,faltu harkatein band kar bro,H
4505,Haye good! initiative bro,O
4506,Bhai dimagh ka dahi kar diya :) :),H
4507,Aray excellent work bro bro haha,O
4508,Yaar tumhara reply acha laga yaar,O
4509,Bhai tumhara attitude pasand nhi aaya bro,H
4510,tu kitna ghatiya insan hai yaar,H
4511,bilkul useless vidio!!! :) nice,H
4512,Aray nice message idya,O
4513,Yaar ye keaa bakwas! logic hai bro,H
4514,Haye yaar tum!! bohot funny hai bro haha,O
4515,Haye great job!!! bro bhai,O
4516,Mashallah good initiative :),O
4517,Yaar well explained :),O
4518,Aray badtameez aadmi bro,H
4519,Aray tuu pagal! hai kia,H
4520,Aray tu toh pure time waste hai :),H
4521,Aray tumhara sense of humor best hai yaar,O
4522,Haye good information di bhai,O
4523,Aray dil khush kar diya haha,O
4524,Haye awaaz!!! irritate karti hai :),H
4525,Aray ganday jokes mat maar yaar,H
4526,Aray maaz aagaya :) dekh kar yaar,O
4527,MASHALLAH NAIS WORK BRO,O
4528,Aray respect for your hard work,O
4529,Yaar zabardast editing :),O
4530,Aray simple aur samajhne alyak vidiyo :),O
4531,Aray bohat informative video haii :),O
4532,Bhai zabardast editing bro,O
4533,keep posting bhai,O
4534,Mashallah aise kaam se kuch nai hota!! bhai,H
4535,Aray tume jaaaise log hamesha problem banate hain :),H
4536,Yaar tuu kitna ghatiya insan hai,H
4537,nice!! tutorial :),O
4538,Bhai faltu vidio banai :P hai yaar,H
4539,Mashallah ye sab jhoot hai yaar,H
4540,tumhara kontent inspire! karta :) haii,O
4541,Aray tu toh pure time :) waste hai yaar nice,H
4542,Aray entertaining video,O
4543,Haye tera kontent bakwas hey :),H
4544,Mashallah faltu content upload :) karte rehta haii bhai,H
4545,Mashallah tum kitna ghatiya insan hai,H
4546,well done yaar,O
4547,Haye entertaining viedo bhai bro,O
4548,Bhai kuch bhi bol deta hy tu yaar ok,H
4549,Haye ganday jokes mat maar :),H
4550,Aray etra content bakaws hai bhai,H
4551,appreciate your effort :),O
4552,Yaar nice try bro,O
4553,BHAI ACHAAH LAGA DEKH KAR,O
4554,Yaar bohat informative video hai bhai,O
4555,Bhai ye sab!! jhoot hy :),H
4556,Bhai keep it up bro lol,O
4557,Bhai zyada smart mat ban,H
4558,Aray well explained bro,O
4559,Bhai tu toh drama!!! queen :P nikla bro,H
4560,faltu harkatein! band kar yaar,H
4561,BHAI TUMHARA ATTITUDE PASAND NAHI!!! AAYA BHAI nice,H
4562,tu sirf views ke liye kar raha hy,H
4563,Aray wow kya baat hai :) ok,O
4564,Haye bro! tuu ukch :P nahi jaanta haha,H
4565,Yaar dimagh ka!!! dahi kar diya,H
4566,Bhai tmuhara!!! content unique hey,O
4567,ARAY NICE TUTORIAL BRO,O
4568,respect for your! hard work bhai,O
4569,Mashallah tumhara sense of humor best hai yaar,O
4570,Haye accha laga dekh kar bhai,O
4571,Haye bakwas vidio,H
4572,Bhai shukriya! share karne ke liye :) yaar,O
4573,Bhai yaar tu bohot funny hai,O
4574,Mashallah pagal insaan :),H
4575,Yaar very helpful :P :),O
4576,MASHALLAH APPRECIATE YOUR EFFORT :),O
4577,Mashallah excellent work bro bhai,O
4578,Mashallah tu :P toh pure!!! time waste hai yaar lol,H
4579,BHAI DIMAGH KA PRESSURE BADHA DIYAAAA! VIDEO NE!!! BHAI nice,H
4580,Mashallah dimagh kharab kar dia :),H
4581,Yaar ye sab :) faltu content hai :),H
4582,Bhai badtameez aadmi bro,H
4583,Yaar positive vibes only bro,O
4584,MASHALLAH POSITIVE VIBES ONLY :),O
4585,Haye maza aagaya dekh kar bro,O
4586,maza aagaya :P dekh kar yaar,O
4587,mujhe!!! ye viedo pasand ayaa bro lol,O
4588,tu sirf views!!! ke liye kar raha hai bhai,H
4589,Yaar entertaining vidiyo :),O
4590,cool video bro,O
4591,Bhai keep posting :),O
4592,Haye dimagh ka dahi kar diya :),H
4593,Bhai koi sense nahi hai vidiyo mein,H
4594,Haye kuch! seekh le pehle yaar,H
4595,Mashallah tumh jaise log hamesha problem :) banate hain :),H
4596,Mashallah iiiitna!! irritating content yaar,H
4597,ARAY BAKWAAS BAATEIN MAT KAR :),H
4598,Mashallah tere! comments irritate karte hain bhai,H
4599,Mashallah tu!!! pagal haii kya yaar,H
4600,Mashallah keep it up,O
4601,kamal ka effort haii yaar,O
4602,Bhai well done :),O
4603,Bhai nais tutorial bro,O
4604,MASHALLAH NAIIS! TUTORIAL YAAR,O
4605,Yaar clear aur easy setps yaar,O
4606,Aray bilkul useless vidiyo :),H
4607,Haye tumhara reply acha laga :) bro,O
4608,Haye utmhara style aalag hai bhai,O
4609,nice explanation yaar yaar,O
4610,samajh nhi aata kia! kar raha!!! hai :) bhai,H
4611,Haye ganday jokes mat maar! yaar,H
4612,ye sab faltu content :P hey bhai,H
4613,Mashallah samajh nahi! aaaaata kya!!! kar raha hai :),H
4614,Aray tuu kitna ghatiya insan hai bhai,H
4615,Mashallah tumhara style alag hai,O
4616,Yaar awaaz irritate!!! karti hai bro,H
4617,YAAR NICE TUTORIAL nice,O
4618,Haye samajh nai aata keaa kar raha hey bhai,H
4619,Bhai well done yaar bro,O
4620,ganday joookes mat maar :),H
4621,bohat informative video hey nice,O
4622,YAAR AISE KAAM SE :) KUCH NAHI HOTA BRO haha,H
4623,proud of you bro ok,O
4624,Mashallah ganday jokes mat maar bhai,H
4625,informative content :P yaar,O
4626,Mashallah itna irritating!!! kontent bhai,H
4627,MASHALLAH SIMPLE! AUR SAMAJHNE LAYAK VIDEO BHAI lol,O
4628,ye sab jhoot hai :),H
4629,Aray tu samjhta kya :) hy apnee aap ko yaar,H
4630,Haye tum jaise logon ki wajah se internet kharab hai yaar,H
4631,Haye tere jaise log :) sab bigad dete hain bro nice,H
4632,Bhai dimagh kharab kar dia yaar,H
4633,Haye good :) initiative!!!,O
4634,Haye tumhara content!!! inspire karta hy yaar,O
4635,Mashallah faltu harkatein band :) kar bro,H
4636,Aray shukriya! share karne ke liye bhai,O
4637,Bhai tera content bakwas hai bro,H
4638,Mashallah ye!!! sab jhoot hai bhai,H
4639,Yaar tumhara sense of humor best hai!!! bhai,O
4640,Haye tumhara attitude pasand nhi aaya :),H
4641,faltu harkatein band kar,H
4642,Yaar gr8 energy bro bhai,O
4643,Mashallah well explained yaar,O
4644,Yaar superb yaar,O
4645,Mashallah tum jaise :) log hamesha problem banate haain,H
4646,Bhai kamal ka effort hy bhai,O
4647,Haye yaar tum :P talented ho bhai nice,O
4648,Mashallah tum kitnaa ghatiya insan hai,H
4649,tuu kitna ghatiya insan hai bro,H
4650,Yaar good luck for next project yaar,O
4651,Bhai bohat mehnat! ki hai bhai ok,O
4652,Bhai cool vidio yaar,O
4653,Mashallah well done yaar,O
4654,Haye best one on this!!! topic :),O
4655,Mashallah awaaz irritate karti hy :) haha,H
4656,Haye zyada smart mat ban yaar,H
4657,Mashallah jhoot bolta hai tu bro lol,H
4658,Haye koi sense nhi hey video mein yaar,H
4659,Yaar tu kitna ghatiya insan hy yaar,H
4660,Mashallah pagal insaan bhai,H
4661,Haye ye sab faltu content hai bhai,H
4662,Bhai idmagh ka preeessure badha diya video ne,H
4663,Yaar positive vibes only bro,O
4664,Aray veri helpful yaar,O
4665,Haye veri helpful :) bro,O
4666,Haye perfect explanation bhai haha,O
4667,Mashallah tumeh jaise logon ki wajah se internet kharab hai :),H
4668,Aray bakwaas baatein mat kar bro ok,H
4669,Haye zabardast editing,O
4670,Yaar ajeeb bekaar banda hai,H
4671,Mashallah bhai bohot! acha video hey yaar,O
4672,Yaar koi sense nahi hey video mein bro,H
4673,Bhai bohat informative video :P hai yaar,O
4674,Aray bakwaas baatein mat kar bhai,H
4675,YAAR GUSSA AA GAYA VIDIYO!! DEKH KAR :),H
4676,Haye faltu kontent :P upload karte rehta haii bro,H
4677,Haye kya!!! faltu insan hy :),H
4678,Aray tu toh pure time waste hy nice,H
4679,Aray veeery helpful,O
4680,bakwaas!! baatein mat kar bhai,H
4681,Haye gussa aa gaya!!! vidiyo dekh kar,H
4682,Yaar faltu harkatein band!! kar bro,H
4683,yaar tum bohut funny hai,O
4684,Yaar boht useful tips di bhai,O
4685,Aray perfect explanation bro,O
4686,Aray tere! jaise log sab :) bigad dete hain bhai,H
4687,Aray veri :) helpful bhai bro,O
4688,Yaar dil khush kar diya yaar,O
4689,faltu harkatein :P band!! kar :),H
4690,BHAI BEST OOOONE ON THIS :P TOPIC :) ok,O
4691,Aray nice tutorial :),O
4692,Haye kuch :) seekh le pehle yaar,H
4693,tumhara attitude pasand nai aaay :),H
4694,Mashallah excellent work bro,O
4695,tera accent ajeeb hai bhai,H
4696,Mashallah tujhe sharam nai!! aati yaar,H
4697,Bhai tumh jaise logon ki wjaah se internet kharab haii,H
4698,Bhai jhoot!! bolta hai tu :),H
4699,Aray keep posting bro,O
4700,Bhai bohat!! mehnat ki hai yaar,O
4701,Haye dil khush kar diya yaar,O
4702,ITNA IRRITATING KONTENT YAAR,H
4703,Mashallah nice try,O
4704,Mashallah boht useful tips di,O
4705,Yaar awaaz irritate :P karti hai bro,H
4706,badtameez :P aadmi bro lol,H
4707,tumhara!!! attitude pasand nhi aaya,H
4708,Bhai nais try bro ok,O
4709,Mashallah boht useful tiiips di,O
4710,tujhe sharam nahi aati yaar,H
4711,BHAI MUJHE YE VIDIYO PASAND!!! AAYA YAAR,O
4712,Aray awaaz irritate karit hy,H
4713,Mashallah tere :) comments irritate karte hain :) bhai,H
4714,Aray ghatiya quality,H
4715,cool :P video bro,O
4716,BHAI VERY CLEAN DEITING BHAI,O
4717,Mashallah tum toh drama queen nilka bro,H
4718,Bhai gud informtaion di!!,O
4719,Mashallah very clean editing,O
4720,ARAY KEEP POSTING BRO,O
4721,Haye kya faltu insan hai,H
4722,HAYE GUSSA AA GAYA VIDIYO DEKH KAR,H
4723,cooool vidio nice,O
4724,Mashallah jhoot bolta hai tuu,H
4725,Mashallah tumhara attitude!! pasand nai aaya bhai,H
4726,Aray well done :P :),O
4727,Aray kyaa faltu :P insan :P haii,H
4728,Bhai maza aagaya dekh kar :),O
4729,Aray mashallah!! nice work yaar,O
4730,Haye zyada :) smrat mat ban :),H
4731,Yaar faltu time waset yaar,H
4732,Bhai jhoot bolta hai tu :),H
4733,ARAY PAGAL SA BEHAVIOUR DIKHA ARHA :) HAI BRO,H
4734,acha! laga dekh :P kar :P :),O
4735,Mashallah faltu vidio banai hai!!!,H
4736,Haye tu kitna ghatiya insan :P hy bhai,H
4737,Haye cool vidio haha,O
4738,Haye pagal sa behaviour dikha raha hy bhai,H
4739,Bhai pagal sa behaviour dikha raaaha :P hai bro,H
4740,zabardast editing,O
4741,Mashallah tuu! pagal hey kyaa :),H
4742,Yaar gr8 job bro :),O
4743,Mashallah ye sab faltu kontent!! hy yaar lol,H
4744,Aray clera aur easy steps yaar,O
4745,Aray bhai tu kuch nahin jaanta yaar,H
4746,Yaar faltu video banai hai bhai,H
4747,Yaar tere jaise log sab! bigad dete hain bhai,H
4748,Aray ghatiya quality :) bhai,H
4749,Aray nalayak banda yaar,H
4750,Aray respect for!!! your hard work :P,O
4751,Haye ye sab jhoot hai yaar,H
4752,Yaar tu pagal!! hy kya bhai,H
4753,Aray tu toh pure time waste hai,H
4754,Yaar well :) done :) yaar,O
4755,Yaar appreciate your effort,O
4756,Bhai ye sab :P nafrat failata hy ok,H
4757,Bhai faltu kontent upload karte!!! rehta hai yaar,H
4758,Bhai ye sab nafrat failata :) hai bro nice,H
4759,HAYE KEEP POSTING BHAI,O
4760,Yaar cool video yaar,O
4761,Yaar tumhara content inspire karta hey,O
4762,ye kia bakwas logic haii yaar,H
4763,Yaar entertaining vidiyo bro,O
4764,Yaar abkwaas baatein mat kar bro,H
4765,Mashallah ye!! sab jhoot hy :) haha,H
4766,Aray kuuuch!! bhi bol deta hy tuu yaar,H
4767,keep it up :) :),O
4768,Yaar bakwas editing yaar,H
4769,BHAI GUD INFORMATION DI :),O
4770,Haye keep posting :P,O
4771,Mashallah ye sab faltu content hai bro,H
4772,Mashallah badtameez :) aadmi! ok,H
4773,Mashallah samajh nahi aata kya kar raha hey yaar,H
4774,Aray yaar tu boht funny hai bhai,O
4775,Mashallah tera kontent bakwas hey :),H
4776,Yaar ye :) sab jhoot hai bro,H
4777,Yaar gussa aa!!! gaya vidio dekh kar bhai,H
4778,pagal sa :) behaviour dikha raha hai,H
4779,Haye ye!!! sab nafrat failata hey bro,H
4780,Mashallah positive vibes only bro bro,O
4781,Aray tjuhe sharam nai aati bro,H
4782,Mashallah wow keaa baat :) hey,O
4783,TU SAMJHTA! KYAA HAI APNE AAP KO YAAR,H
4784,Haye respect for your hard work bro,O
4785,Bhai nalayak banda bhai,H
4786,Aray proud of you!!! bro yaar bro,O
4787,Bhai gr8 energy bro :) bro,O
4788,Mashallah tu samjhta kya hai apne aap ko yaar,H
4789,Bhai paaaagal sa behaviour dikah raha hai yaar,H
4790,Yaar bro bohut acha vidio hai :) ok,O
4791,Aray very :P clean editing :) bhai,O
4792,Aray tu! kitna ghatiya insan hai bhai,H
4793,Haye nalayak banda bro bro,H
4794,Haye tu toh pure time waste hai bhai,H
4795,Yaar kya faltu :) insan hai bhai,H
4796,Bhai tumhara kontent unique hai :),O
4797,bhai bohut acha vidio hai bhai,O
4798,Haye tumeh jaise logon :) ki wajah se internet kharab haii! bhai,H
4799,Aray niec tutorial :),O
4800,Mashallah ye sab :P nafrat failata hey yaar,H
4801,Haye faltu harkatein band :P kar yaar haha,H
4802,Mashallah bakwas vidiyo :),H
4803,Bhai nalayak banda bhai,H
4804,mujhe ye video pasand aaya bhai,O
4805,Aray helpful for beginners :) yaar,O
4806,Aray dil khush kar diya yaar,O
4807,Mashallah best one on this topic bhai,O
4808,Aray iiitna overacting kyu karat hy yaar,H
4809,Yaar jhoot bolta hai tu :),H
4810,Haye ajeeb bekaar banda hai!!,H
4811,Aray kuch seekh le pehle bro,H
4812,Haye faltu time waste bhai haha,H
4813,ARAY KOI SENSE NHI HAI VIDIYO MEIN YAAR,H
4814,Yaar faltu content upload karte rehta hai yaar,H
4815,BHAI EXCELLENT WORK BRO :P YAAR,O
4816,Yaar bilkul useless video,H
4817,Aray bohta informative video hai yaar,O
4818,Mashallah helpful for beginners,O
4819,Yaar good initiative :),O
4820,Bhai bohat mehnat ki hy bro,O
4821,Bhai tuu sirf views ke liye! kar raha hai :),H
4822,Bhai jhoot bolta hai tu bro bro,H
4823,Aray tera accent ajeeb hai bro,H
4824,Mashallah faltu vidiyo banai hai yaar,H
4825,Yaar tu toh drama! queen nikla bro,H
4826,Aray tuhje sharam nahi aati bhai,H
4827,Bhai good luck for next project yaar,O
4828,Haye kuch bhi! bol deta hai tum :),H
4829,Yaar nais tutorial bro,O
4830,Aray dil khush! kar! diya ok,O
4831,FALTU HARKATEIN BAND KAR BRO,H
4832,BHAI PAGAL! SA BHEAVIOUR DIKHA RAHA HAI,H
4833,Bhai bakwas editing :P bro,H
4834,faltu vidiyo!! banaaai haii,H
4835,BHAI BHAI BOHT ACHAA VIDEO HAI BHAI ok,O
4836,yaar!! tum!!! talented ho bro,O
4837,Haye good :) luck for next! project,O
4838,Mashallah kya faltu insan hai yaar,H
4839,Mashallah bakwaas baatein mat :P kar ok,H
4840,Haye tu :) toh pure time waste hai :) bhai,H
4841,Haye itna overacting kyu karta hai bro,H
4842,Mashallah awesome creativity yaar,O
4843,Aray ye kya bakwas logic hai,H
4844,Yaar tumhara content inspire karta hai bro,O
4845,Mashallah perfect explanation :),O
4846,Bhai tujhe sharam nahi aati :),H
4847,Yaar tera! accent ajebe hy :) ok,H
4848,Yaar tumh jaiise log hamesha problem banate hain bhai,H
4849,Aray gussa!! aa gaya vidiyo dekh kar bhai,H
4850,ye! sab falut content hai bro,H
4851,Bhai faltu content upload karte rehta haii,H
4852,Mashallah positive vibes onyl,O
4853,ganday jokes mat maar! bro,H
4854,tumhara content unique!!! hai bro,O
4855,Bhai kuch seekh le!!! pehle yaar,H
4856,tu toh pure time waste hy bro,H
4857,best one on this topic!! bro,O
4858,jhoto bolta hai tu,H
4859,Yaar informative kontent :),O
4860,Aray entertaining :P vidio bro,O
4861,Haye ye sab nafrat failata hy bro,H
4862,appreciate your!! effort!! yaar,O
4863,Bhai badtameez aadmi bhai ok,H
4864,bohat mehnat ki :) hai!!! bhai,O
4865,Haye ye!!! sab faltu :) content haii bro,H
4866,Haye awseome creativity bro,O
4867,Yaar very clean editing bro,O
4868,Aray awaaz irritate karti haii :),H
4869,Haye bakwas video :),H
4870,Aray ghatiya quality,H
4871,Haye best one on this topic :) bro,O
4872,Yaar gussa aa gaya vidio dekh!! kar :P yaar haha,H
4873,Mashallah kia faltu insan hai bro,H
4874,Haye naiis try,O
4875,Aray mashallah :) naiis work :),O
4876,YAAR BADTAMEEZ AADMI,H
4877,Mashallah faltu harkatein band kar :),H
4878,Bhai awaaz irritate karti hai bro nice,H
4879,Mashallah shukriya share karne ke liye bro,O
4880,Haye tuu kitna ghatiya insan hai :) lol,H
4881,Yaar faltu!! content upload karte rehta hai yaar haha,H
4882,Yaar mujhe ye video pasand aaya yaar,O
4883,Bhai tu samjhta kya hey apne aap ko bro,H
4884,Mashallah simple aur samajhne layak vidiyo bro,O
4885,Yaar nais message diya yaar,O
4886,Yaar lajawab explanation!!! :) haha,O
4887,awaaz irritate karti hai haha,H
4888,Mashallah tu toh drama :P queen nikla bhai,H
4889,Yaar boht useful tips :P di,O
4890,Haye well done :P bro,O
4891,Mashallah keep it :) up bhai,O
4892,Yaar bro tu kuch :) nahi jaanta :),H
4893,YAAR COOL VIDEO BHAI bro,O
4894,wow kia baat hey bhai,O
4895,jhoot bolta hai tu bhai,H
4896,respect for your hard!!! work!!! bhai,O
4897,Yaar itna irritating content :),H
4898,Mashallah faltu vidiyo banai hai yaar,H
4899,Aray dimagh ka dahi kar diya bhai,H
4900,tum jaise log hamesha!!! problem banate!! hain bro,H
4901,Aray tumhara content inspire karta haii yaar nice,O
4902,Yaar bhai tu kuch nhi jaanta yaar,H
4903,Aray yaar tum talented!! ho yaar,O
4904,Aray keep posting bro ok,O
4905,ye kia bakwas :P logic hai bhai,H
4906,Aray ajeeb bekaar banda hai bro ok,H
4907,HAYE TERA KONTENT BAKWAS HAI BHAI,H
4908,Mashallah kamal ka effort hai :),O
4909,Aray itna overacting kyu karta hai :),H
4910,kya faltu insan hai,H
4911,COOL VIDEO :) ok,O
4912,Bhai dimagh ka dahi kar!! dyia,H
4913,Bhai achaah laga edkh kar bro,O
4914,ARAY BAKWAS :) EDITING BRO,H
4915,Bhai ye sab nafrat failata :) haii :),H
4916,Aray faltu kontent upload kartee rehta hy :P,H
4917,Bhai sahi kaha tumne bro,O
4918,Yaar proud of you bro bhai,O
4919,Haye tu toh drama! queen nikla bhai,H
4920,Haye lajawab explanation :),O
4921,Haye wow :P kya baat hy bhai,O
4922,Yaar zabardast editing :),O
4923,Aray gud :P information di yaar,O
4924,Mashallah ye keaa bakwas logic hy,H
4925,ye sab faltu content hy :),H
4926,Mashallah tere! comments irritate karte hain :) bro,H
4927,Yaar faltu video banai hai :),H
4928,Bhai appreciate your effort :) bro,O
4929,Aray tere comments irritate karte hain bhai,H
4930,Aray ghatiya quality yaar,H
4931,Mashallah gussa aa gaya vidiyo dekh!! kar :),H
4932,Aray tumhara attitude psaand nahi aaya yaar,H
4933,Yaar tumhara content unique hai bro,O
4934,Bhai bhai bahot achaah video hai yaar,O
4935,Mashallah excellent work bro :) bro lol,O
4936,Aray bakwaas baatein mat kar,H
4937,Aray tere comments irritate karte hain bro,H
4938,Haye nais tutorial bro,O
4939,very clean editing bhai,O
4940,Aray wow kya baat hai yaar,O
4941,Aray proud of you bro!! bro,O
4942,Haye faltu harkatein band kar yaar,H
4943,Bhai naiis presentation bro,O
4944,Mashallah mujhe ye video pasand aaya bro,O
4945,Yaar nais tutorial bhai,O
4946,MASHALLAH ITNA OVERACTNIG KYU KARTA HAI,H
4947,Haye dimagh ka pressure badha diya :) vdieo ne bro,H
4948,Bhai tera!!! kontent!! bakwas hai yaar,H
4949,good initiatiev,O
4950,Haye clear aur easy steps,O
4951,Aray faltu harkatein band :) kar yaar,H
4952,Haye tum jaise logon ki wajah se internet kharab :) hey,H
4953,Aray bohta informative vidiyo hai bhai,O
4954,Mashallah veri clean editing bhai,O
4955,Mashallah gussa aa gaya vidio dekh kar bro,H
4956,Aray nice try bhai,O
4957,Haye aise kaam se kuch nahi hota :) bhai lol,H
4958,Bhai awaaz irritate karti haii :),H
4959,HAYE BAKWAAS BAATEIN! MAT KAR :),H
4960,Yaar nice tutorial bro,O
4961,helpful for beginners yaar nice,O
4962,MASHALLAH ACHA LAGA :P DEKH KAR!!! :),O
4963,ye sab :) faltu :) content haii :P bro,H
4964,Haye dimagh ka :P dahi!!! kar diya bhai,H
4965,Aray cool :) video,O
4966,Aray aise kaam se kuch nahin hota :),H
4967,Yaar awaaz irritate karti hai bhai,H
4968,Bhai superb!!! yaar yaar,O
4969,Bhai perfect explanation,O
4970,Bhai yaar :) tum talented ho,O
4971,Haye ye sab :P faltu kontent!! hai :P yaar,H
4972,Bhai koi sense nahi hai video mein :),H
4973,Haye itna irritating content :),H
4974,YAAR YE SAB!!! NAFRAT FAIALTA HEY YAAR,H
4975,Bhai veri helpful bro,O
4976,Bhai itna irritating content :),H
4977,Haye mujhe ye video :P pasand aaya nice,O
4978,Aray tuu sirf views ke liye kar :P raha hai,H
4979,Haye gud initiative bhai ok,O
4980,Yaar tumhara sense of humor best hai,O
4981,Aray tum jaise logon ki wajah se internet!!! kharab hai bro bro,H
4982,Mashallah tumhara!! reply acha laga yaar,O
4983,mashallah!!! nice work yaar,O
4984,Yaar dimagh ka pressure badha diya vidiyo :) ne lol,H
4985,accha laga dekh kar,O
4986,Yaar naiis presentation!! bhai,O
4987,Yaar pagal :) sa behaviour dikha raha hai yaar,H
4988,pagal sa :P behaviour dikha raha hai! bhai ok,H
4989,Aray saih kaha tmune haha,O
4990,Bhai itna overacting!!! kyu karta haii yaar,H
4991,ARAY SUPERB YAAR :) ok,O
4992,Yaar boht acha content hai :),O
4993,Aray tera content bakwas!! hai :) bro,H
4994,Yaar bilkul useless video bhai,H
4995,Yaar yaar tu bohot funny hai bhai,O
4996,Aray bohat mehnat ki haii bhai,O
4997,Bhai itna irritating content :),H
4998,Mashallah very helpful :),O
4999,Aray tere jaise!! log sab bigda dete hain :),H
5000,Aray dimagh ka pressure! badha diya vidiyo ne,H
5001,zabardast editing he teri ,O
5002,bhai maza kara diyya yar tu ne aesi video bana kr,O
5003,yar dafa ho ja tu besharam insan,H
5004,yar koi akal nhi he tujh me ye kia bakwas kr raha,H
